依變量,變項,筆數,學生,係數,95% CI 下限,95% CI 上限,p,標準化係數
疲勞程度,CO₂（每 100 ppm）,99,11,0.0208,-0.063,0.1045,0.627,0.0693
疲勞程度,溫度（°C）,99,11,-0.2347,-1.2107,0.7413,0.6374,-0.0686
疲勞程度,濕度（%）,99,11,0.002,-0.0901,0.0941,0.9656,0.0049
反應時間,CO₂（每 100 ppm）,116,12,4.5453,0.3296,8.761,0.0346,0.263
反應時間,溫度（°C）,116,12,53.8939,6.5039,101.2838,0.0258,0.2523
反應時間,濕度（%）,116,12,-0.1739,-4.7483,4.4005,0.9406,-0.0075
正確率,CO₂（每 100 ppm）,116,12,0.0032,-0.0012,0.0076,0.1511,0.2587
正確率,溫度（°C）,116,12,0.0383,-0.0112,0.0879,0.1295,0.2491
正確率,濕度（%）,116,12,0.0019,-0.0029,0.0067,0.4323,0.1146
干擾分數,CO₂（每 100 ppm）,116,12,0.3965,-5.6134,6.4063,0.8971,0.0241
干擾分數,溫度（°C）,116,12,-18.1929,-86.0127,49.6269,0.5991,-0.0893
干擾分數,濕度（%）,116,12,-0.604,-7.1542,5.9461,0.8566,-0.0274
瞬時心率,CO₂（每 100 ppm）,543,12,-0.1303,-0.3808,0.1202,0.308,-0.0491
瞬時心率,溫度（°C）,543,12,-3.3127,-4.6334,-1.992,0.0,-0.2982
瞬時心率,濕度（%）,543,12,0.6392,0.4039,0.8744,0.0,0.2805
心率變異度 log(RMSSD),CO₂（每 100 ppm）,197,6,-0.0369,-0.0702,-0.0035,0.0302,-0.2331
心率變異度 log(RMSSD),溫度（°C）,197,6,0.1748,0.0081,0.3414,0.0399,0.2766
心率變異度 log(RMSSD),濕度（%）,197,6,-0.033,-0.0659,-0.0002,0.0485,-0.2571
