依變量,單位,變項,角色,係數,SE,95% CI 下限,95% CI 上限,p,標準化係數
疲勞程度,分（1–7）,CO₂（每 100 ppm）,自變量,0.0063,0.0425,-0.077,0.0896,0.8826,0.021
疲勞程度,分（1–7）,溫度（°C）,自變量,-0.3972,0.4854,-1.3485,0.5541,0.4132,-0.1162
疲勞程度,分（1–7）,濕度（%）,自變量,-0.0137,0.0461,-0.1041,0.0767,0.7665,-0.0332
疲勞程度,分（1–7）,現場人數,控制變因,-1.2226,0.8111,-2.8123,0.367,0.1317,-0.1756
疲勞程度,分（1–7）,冷氣（開 = 1）,控制變因,0.2382,0.589,-0.9162,1.3927,0.6859,0.0515
疲勞程度,分（1–7）,睡眠時長（小時）,控制變因,-0.6099,0.1739,-0.9507,-0.2691,0.0005,-0.4206
疲勞程度,分（1–7）,睡眠品質,控制變因,-0.1932,0.1266,-0.4413,0.0548,0.1268,-0.1512
反應時間,ms,CO₂（每 100 ppm）,自變量,4.5453,2.1509,0.3296,8.761,0.0346,0.263
反應時間,ms,溫度（°C）,自變量,53.8939,24.179,6.5039,101.2838,0.0258,0.2523
反應時間,ms,濕度（%）,自變量,-0.1739,2.3339,-4.7483,4.4005,0.9406,-0.0075
反應時間,ms,現場人數,控制變因,41.5753,31.3664,-19.9018,103.0524,0.185,0.1163
反應時間,ms,冷氣（開 = 1）,控制變因,-29.435,29.9164,-88.0701,29.2001,0.3252,-0.115
正確率,比例,CO₂（每 100 ppm）,自變量,0.0032,0.0022,-0.0012,0.0076,0.1511,0.2587
正確率,比例,溫度（°C）,自變量,0.0383,0.0253,-0.0112,0.0879,0.1295,0.2491
正確率,比例,濕度（%）,自變量,0.0019,0.0024,-0.0029,0.0067,0.4323,0.1146
正確率,比例,現場人數,控制變因,0.0121,0.0327,-0.0519,0.0762,0.7105,0.0471
正確率,比例,冷氣（開 = 1）,控制變因,-0.0105,0.0312,-0.0716,0.0507,0.7374,-0.0567
干擾分數,ms,CO₂（每 100 ppm）,自變量,0.3965,3.0663,-5.6134,6.4063,0.8971,0.0241
干擾分數,ms,溫度（°C）,自變量,-18.1929,34.6026,-86.0127,49.6269,0.5991,-0.0893
干擾分數,ms,濕度（%）,自變量,-0.604,3.342,-7.1542,5.9461,0.8566,-0.0274
干擾分數,ms,現場人數,控制變因,36.299,44.8997,-51.7028,124.3007,0.4188,0.1065
干擾分數,ms,冷氣（開 = 1）,控制變因,-17.3436,42.7252,-101.0834,66.3962,0.6848,-0.0711
瞬時心率,bpm,CO₂（每 100 ppm）,自變量,-0.1303,0.1278,-0.3808,0.1202,0.308,-0.0491
瞬時心率,bpm,溫度（°C）,自變量,-3.3127,0.6739,-4.6334,-1.992,0.0,-0.2982
瞬時心率,bpm,濕度（%）,自變量,0.6392,0.12,0.4039,0.8744,0.0,0.2805
瞬時心率,bpm,現場人數,控制變因,0.5981,3.8822,-7.0108,8.207,0.8776,0.0189
瞬時心率,bpm,冷氣（開 = 1）,控制變因,-2.8567,1.0214,-4.8587,-0.8547,0.0052,-0.076
心率變異度 log(RMSSD),log ms,CO₂（每 100 ppm）,自變量,-0.1281,0.0292,-0.1852,-0.0709,0.0,-0.6461
心率變異度 log(RMSSD),log ms,溫度（°C）,自變量,0.2577,0.1296,0.0036,0.5118,0.0468,0.3459
心率變異度 log(RMSSD),log ms,濕度（%）,自變量,-0.1008,0.0288,-0.1572,-0.0444,0.0005,-0.6382
心率變異度 log(RMSSD),log ms,現場人數,控制變因,0.6391,0.5862,-0.5099,1.788,0.2756,0.3048
心率變異度 log(RMSSD),log ms,冷氣（開 = 1）,控制變因,0.0895,0.2265,-0.3544,0.5333,0.6928,0.0355
