模型,路徑,間接效果 β,bootstrap 下限,bootstrap 上限,bootstrap p,顯著
A 疲勞中介,CO₂ → 疲勞程度 → 反應時間,-0.0041,-0.0853,0.0399,0.933,False
A 疲勞中介,CO₂ → 疲勞程度 → 正確率,0.0006,-0.0742,0.0319,0.739,False
A 疲勞中介,CO₂ → 疲勞程度 → 干擾分數,-0.0078,-0.0644,0.0536,0.893,False
A 疲勞中介,溫度 → 疲勞程度 → 反應時間,0.0103,-0.0416,0.0967,0.638,False
A 疲勞中介,溫度 → 疲勞程度 → 正確率,-0.0016,-0.0792,0.0464,0.802,False
A 疲勞中介,溫度 → 疲勞程度 → 干擾分數,0.0194,-0.0286,0.0854,0.412,False
A 疲勞中介,濕度 → 疲勞程度 → 反應時間,0.0027,-0.0457,0.0264,0.974,False
A 疲勞中介,濕度 → 疲勞程度 → 正確率,-0.0004,-0.0461,0.0137,0.612,False
A 疲勞中介,濕度 → 疲勞程度 → 干擾分數,0.0051,-0.0312,0.0361,0.78,False
B1 心率中介（→ Stroop）,CO₂ → 瞬時心率 → 反應時間,-0.1513,-0.2797,0.1497,0.249,False
B1 心率中介（→ Stroop）,CO₂ → 瞬時心率 → 正確率,0.0587,-0.1521,0.2281,0.448,False
B1 心率中介（→ Stroop）,CO₂ → 瞬時心率 → 干擾分數,-0.1467,-0.4716,0.0298,0.104,False
B1 心率中介（→ Stroop）,溫度 → 瞬時心率 → 反應時間,-0.1062,-0.2401,0.1229,0.329,False
B1 心率中介（→ Stroop）,溫度 → 瞬時心率 → 正確率,0.0412,-0.1565,0.1322,0.528,False
B1 心率中介（→ Stroop）,溫度 → 瞬時心率 → 干擾分數,-0.1029,-0.3723,0.0242,0.162,False
B1 心率中介（→ Stroop）,濕度 → 瞬時心率 → 反應時間,-0.0955,-0.1894,0.0947,0.273,False
B1 心率中介（→ Stroop）,濕度 → 瞬時心率 → 正確率,0.037,-0.0957,0.1604,0.464,False
B1 心率中介（→ Stroop）,濕度 → 瞬時心率 → 干擾分數,-0.0926,-0.2855,0.0234,0.126,False
B2 心率中介（→ 疲勞）,CO₂ → 瞬時心率 → 疲勞程度,-0.1063,-0.2206,0.0852,0.229,False
B2 心率中介（→ 疲勞）,溫度 → 瞬時心率 → 疲勞程度,-0.0674,-0.1596,0.0789,0.358,False
B2 心率中介（→ 疲勞）,濕度 → 瞬時心率 → 疲勞程度,-0.0711,-0.14,0.0588,0.248,False
C 心率 → 疲勞 序列中介,CO₂ → 瞬時心率 → 反應時間,-0.113,-0.2237,0.1402,0.352,False
C 心率 → 疲勞 序列中介,CO₂ → 疲勞程度 → 反應時間,-0.0196,-0.4978,0.0975,0.714,False
C 心率 → 疲勞 序列中介,CO₂ → 瞬時心率 → 疲勞程度 → 反應時間,-0.0045,-0.05,0.0536,0.99,False
C 心率 → 疲勞 序列中介,CO₂ → 瞬時心率 → 正確率,0.0361,-0.1469,0.2027,0.526,False
C 心率 → 疲勞 序列中介,CO₂ → 疲勞程度 → 正確率,0.0503,-0.1608,0.2805,0.705,False
C 心率 → 疲勞 序列中介,CO₂ → 瞬時心率 → 疲勞程度 → 正確率,0.0117,-0.0259,0.0487,0.539,False
C 心率 → 疲勞 序列中介,CO₂ → 瞬時心率 → 干擾分數,-0.0853,-0.2888,0.0902,0.319,False
C 心率 → 疲勞 序列中介,CO₂ → 疲勞程度 → 干擾分數,0.055,-0.1977,0.1891,0.785,False
C 心率 → 疲勞 序列中介,CO₂ → 瞬時心率 → 疲勞程度 → 干擾分數,0.0128,-0.0297,0.0408,0.621,False
C 心率 → 疲勞 序列中介,溫度 → 瞬時心率 → 反應時間,-0.0743,-0.2161,0.13,0.515,False
C 心率 → 疲勞 序列中介,溫度 → 疲勞程度 → 反應時間,-0.0088,-0.2792,0.1625,0.893,False
C 心率 → 疲勞 序列中介,溫度 → 瞬時心率 → 疲勞程度 → 反應時間,-0.003,-0.0328,0.0373,0.995,False
C 心率 → 疲勞 序列中介,溫度 → 瞬時心率 → 正確率,0.0237,-0.152,0.1227,0.689,False
C 心率 → 疲勞 序列中介,溫度 → 疲勞程度 → 正確率,0.0225,-0.1869,0.1424,0.948,False
C 心率 → 疲勞 序列中介,溫度 → 瞬時心率 → 疲勞程度 → 正確率,0.0077,-0.0214,0.0357,0.682,False
C 心率 → 疲勞 序列中介,溫度 → 瞬時心率 → 干擾分數,-0.0561,-0.2082,0.0853,0.41,False
C 心率 → 疲勞 序列中介,溫度 → 疲勞程度 → 干擾分數,0.0247,-0.1553,0.1214,0.986,False
C 心率 → 疲勞 序列中介,溫度 → 瞬時心率 → 疲勞程度 → 干擾分數,0.0084,-0.0274,0.0289,0.766,False
C 心率 → 疲勞 序列中介,濕度 → 瞬時心率 → 反應時間,-0.0745,-0.1602,0.1003,0.405,False
C 心率 → 疲勞 序列中介,濕度 → 疲勞程度 → 反應時間,-0.0136,-0.3198,0.0753,0.764,False
C 心率 → 疲勞 序列中介,濕度 → 瞬時心率 → 疲勞程度 → 反應時間,-0.003,-0.0307,0.0344,0.967,False
C 心率 → 疲勞 序列中介,濕度 → 瞬時心率 → 正確率,0.0238,-0.0938,0.1419,0.545,False
C 心率 → 疲勞 序列中介,濕度 → 疲勞程度 → 正確率,0.035,-0.1009,0.211,0.649,False
C 心率 → 疲勞 序列中介,濕度 → 瞬時心率 → 疲勞程度 → 正確率,0.0077,-0.0169,0.0294,0.578,False
C 心率 → 疲勞 序列中介,濕度 → 瞬時心率 → 干擾分數,-0.0562,-0.1941,0.0659,0.362,False
C 心率 → 疲勞 序列中介,濕度 → 疲勞程度 → 干擾分數,0.0383,-0.1492,0.1348,0.743,False
C 心率 → 疲勞 序列中介,濕度 → 瞬時心率 → 疲勞程度 → 干擾分數,0.0084,-0.0186,0.0262,0.654,False
