模型,從,到,β,p,bootstrap 下限,bootstrap 上限,角色,from,to
A 疲勞中介,CO₂,疲勞程度,0.0446,0.7597,-0.3092,0.3036,路徑,co2,fatigue_now
A 疲勞中介,溫度,疲勞程度,-0.1105,0.4039,-0.4732,0.1868,路徑,temp,fatigue_now
A 疲勞中介,濕度,疲勞程度,-0.0288,0.8039,-0.2191,0.128,路徑,rh,fatigue_now
A 疲勞中介,headcount,疲勞程度,-0.1701,0.0843,-0.4345,0.0812,控制,headcount,fatigue_now
A 疲勞中介,ac,疲勞程度,0.0675,0.8418,-0.382,0.5174,控制,ac,fatigue_now
A 疲勞中介,sleep_h,疲勞程度,-0.3644,0.0025,-0.6294,0.0163,控制,sleep_h,fatigue_now
A 疲勞中介,sleep_q,疲勞程度,-0.1668,0.1007,-0.5024,0.1802,控制,sleep_q,fatigue_now
A 疲勞中介,疲勞程度,反應時間,-0.0929,0.2927,-0.5403,0.1281,路徑,fatigue_now,rt_mean
A 疲勞中介,CO₂,反應時間,0.2851,0.0229,0.15,0.4188,路徑,co2,rt_mean
A 疲勞中介,溫度,反應時間,0.1826,0.11,0.0637,0.29,路徑,temp,rt_mean
A 疲勞中介,濕度,反應時間,0.0299,0.7635,-0.065,0.1297,路徑,rh,rt_mean
A 疲勞中介,headcount,反應時間,0.0259,0.7603,-0.1555,0.1141,控制,headcount,rt_mean
A 疲勞中介,ac,反應時間,-0.3972,0.1695,-0.9024,0.0631,控制,ac,rt_mean
A 疲勞中介,疲勞程度,正確率,0.0144,0.9026,-0.3914,0.2668,路徑,fatigue_now,accuracy
A 疲勞中介,CO₂,正確率,0.1949,0.3076,-0.0262,0.4384,路徑,co2,accuracy
A 疲勞中介,溫度,正確率,0.2868,0.1024,-0.0308,0.6841,路徑,temp,accuracy
A 疲勞中介,濕度,正確率,0.1355,0.372,-0.1128,0.47,路徑,rh,accuracy
A 疲勞中介,headcount,正確率,0.1633,0.2065,-0.0518,0.4396,控制,headcount,accuracy
A 疲勞中介,ac,正確率,0.1562,0.7269,-0.6096,1.2148,控制,ac,accuracy
A 疲勞中介,疲勞程度,干擾分數,-0.1757,0.0715,-0.3396,0.0066,路徑,fatigue_now,interference
A 疲勞中介,CO₂,干擾分數,-0.0318,0.8608,-0.2904,0.2324,路徑,co2,interference
A 疲勞中介,溫度,干擾分數,-0.4105,0.0147,-0.6495,-0.1987,路徑,temp,interference
A 疲勞中介,濕度,干擾分數,-0.0927,0.5275,-0.4623,0.2834,路徑,rh,interference
A 疲勞中介,headcount,干擾分數,0.0669,0.5912,-0.2353,0.3694,控制,headcount,interference
A 疲勞中介,ac,干擾分數,-0.7416,0.088,-1.5768,0.0511,控制,ac,interference
B1 心率中介（→ Stroop）,CO₂,瞬時心率,0.773,0.0216,0.1747,1.3885,路徑,co2,hr
B1 心率中介（→ Stroop）,溫度,瞬時心率,0.5425,0.0528,-0.0717,1.1382,路徑,temp,hr
B1 心率中介（→ Stroop）,濕度,瞬時心率,0.4878,0.0437,0.0352,0.9307,路徑,rh,hr
B1 心率中介（→ Stroop）,headcount,瞬時心率,0.0403,0.8004,-0.1804,0.3136,控制,headcount,hr
B1 心率中介（→ Stroop）,瞬時心率,反應時間,-0.1957,0.1363,-0.3828,0.1218,路徑,hr,rt_mean
B1 心率中介（→ Stroop）,CO₂,反應時間,0.164,0.5945,-0.6327,0.7704,路徑,co2,rt_mean
B1 心率中介（→ Stroop）,溫度,反應時間,0.0157,0.95,-0.7806,0.6517,路徑,temp,rt_mean
B1 心率中介（→ Stroop）,濕度,反應時間,0.2062,0.3488,-0.4364,0.7323,路徑,rh,rt_mean
B1 心率中介（→ Stroop）,headcount,反應時間,-0.0734,0.5914,-0.3971,0.2437,控制,headcount,rt_mean
B1 心率中介（→ Stroop）,瞬時心率,正確率,0.0759,0.5733,-0.1758,0.3532,路徑,hr,accuracy
B1 心率中介（→ Stroop）,CO₂,正確率,0.8819,0.0918,-0.5418,2.2152,路徑,co2,accuracy
B1 心率中介（→ Stroop）,溫度,正確率,0.9234,0.0399,-0.4981,2.2982,路徑,temp,accuracy
B1 心率中介（→ Stroop）,濕度,正確率,0.5626,0.1263,-0.4022,1.6233,路徑,rh,accuracy
B1 心率中介（→ Stroop）,headcount,正確率,0.3469,0.1695,-0.3067,1.0466,控制,headcount,accuracy
B1 心率中介（→ Stroop）,瞬時心率,干擾分數,-0.1897,0.1443,-0.5299,0.0584,路徑,hr,interference
B1 心率中介（→ Stroop）,CO₂,干擾分數,-0.7827,0.1226,-2.0191,0.3311,路徑,co2,interference
B1 心率中介（→ Stroop）,溫度,干擾分數,-0.7795,0.0698,-1.8306,0.3222,路徑,temp,interference
B1 心率中介（→ Stroop）,濕度,干擾分數,-0.4925,0.172,-1.3357,0.2804,路徑,rh,interference
B1 心率中介（→ Stroop）,headcount,干擾分數,-0.0727,0.7646,-0.6604,0.4859,控制,headcount,interference
B2 心率中介（→ 疲勞）,CO₂,瞬時心率,0.7328,0.0355,0.084,1.3028,路徑,co2,hr
B2 心率中介（→ 疲勞）,溫度,瞬時心率,0.465,0.1011,-0.2406,1.0087,路徑,temp,hr
B2 心率中介（→ 疲勞）,濕度,瞬時心率,0.49,0.0562,0.0143,0.9255,路徑,rh,hr
B2 心率中介（→ 疲勞）,headcount,瞬時心率,-0.0298,0.855,-0.2502,0.2137,控制,headcount,hr
B2 心率中介（→ 疲勞）,瞬時心率,疲勞程度,-0.145,0.2022,-0.3173,0.0816,路徑,hr,fatigue_now
B2 心率中介（→ 疲勞）,CO₂,疲勞程度,-0.4177,0.1305,-1.034,0.2598,路徑,co2,fatigue_now
B2 心率中介（→ 疲勞）,溫度,疲勞程度,-0.2171,0.3367,-0.6622,0.4072,路徑,temp,fatigue_now
B2 心率中介（→ 疲勞）,濕度,疲勞程度,-0.2945,0.1444,-0.7168,0.1874,路徑,rh,fatigue_now
B2 心率中介（→ 疲勞）,headcount,疲勞程度,-0.2156,0.1056,-0.4957,0.3118,控制,headcount,fatigue_now
B2 心率中介（→ 疲勞）,sleep_h,疲勞程度,-0.4249,0.0063,-0.8557,0.344,控制,sleep_h,fatigue_now
B2 心率中介（→ 疲勞）,sleep_q,疲勞程度,0.0373,0.7079,-0.509,0.1847,控制,sleep_q,fatigue_now
C 心率 → 疲勞 序列中介,CO₂,瞬時心率,0.608,0.0945,-0.0515,1.2308,路徑,co2,hr
C 心率 → 疲勞 序列中介,溫度,瞬時心率,0.3996,0.1784,-0.3046,1.008,路徑,temp,hr
C 心率 → 疲勞 序列中介,濕度,瞬時心率,0.4005,0.1291,-0.1149,0.8536,路徑,rh,hr
C 心率 → 疲勞 序列中介,headcount,瞬時心率,-0.0241,0.8836,-0.2489,0.2184,控制,headcount,hr
C 心率 → 疲勞 序列中介,瞬時心率,疲勞程度,-0.1617,0.2009,-0.3701,0.1128,路徑,hr,fatigue_now
C 心率 → 疲勞 序列中介,CO₂,疲勞程度,-0.423,0.1748,-1.3652,0.4795,路徑,co2,fatigue_now
C 心率 → 疲勞 序列中介,溫度,疲勞程度,-0.1896,0.469,-0.8629,0.5652,路徑,temp,fatigue_now
C 心率 → 疲勞 序列中介,濕度,疲勞程度,-0.2948,0.1863,-0.8844,0.3415,路徑,rh,fatigue_now
C 心率 → 疲勞 序列中介,headcount,疲勞程度,-0.2089,0.1613,-0.5268,0.4062,控制,headcount,fatigue_now
C 心率 → 疲勞 序列中介,sleep_h,疲勞程度,-0.3579,0.0444,-0.8418,0.3575,控制,sleep_h,fatigue_now
C 心率 → 疲勞 序列中介,sleep_q,疲勞程度,0.0516,0.6618,-0.4926,0.223,控制,sleep_q,fatigue_now
C 心率 → 疲勞 序列中介,瞬時心率,反應時間,-0.1859,0.2038,-0.4209,0.1464,路徑,hr,rt_mean
C 心率 → 疲勞 序列中介,疲勞程度,反應時間,0.0463,0.7727,-0.392,0.4978,路徑,fatigue_now,rt_mean
C 心率 → 疲勞 序列中介,CO₂,反應時間,0.2804,0.3902,-0.5054,1.0032,路徑,co2,rt_mean
C 心率 → 疲勞 序列中介,溫度,反應時間,0.0992,0.6997,-0.6706,0.7504,路徑,temp,rt_mean
C 心率 → 疲勞 序列中介,濕度,反應時間,0.2606,0.2712,-0.4476,0.8996,路徑,rh,rt_mean
C 心率 → 疲勞 序列中介,headcount,反應時間,-0.0859,0.5427,-0.3781,0.2266,控制,headcount,rt_mean
C 心率 → 疲勞 序列中介,瞬時心率,正確率,0.0594,0.6909,-0.2194,0.3232,路徑,hr,accuracy
C 心率 → 疲勞 序列中介,疲勞程度,正確率,-0.1188,0.4398,-0.6252,0.1741,路徑,fatigue_now,accuracy
C 心率 → 疲勞 序列中介,CO₂,正確率,0.4401,0.4414,-1.0597,1.7179,路徑,co2,accuracy
C 心率 → 疲勞 序列中介,溫度,正確率,0.7202,0.1355,-0.9081,2.2009,路徑,temp,accuracy
C 心率 → 疲勞 序列中介,濕度,正確率,0.3149,0.436,-0.7268,1.4789,路徑,rh,accuracy
C 心率 → 疲勞 序列中介,headcount,正確率,0.419,0.1075,-0.2891,1.0728,控制,headcount,accuracy
C 心率 → 疲勞 序列中介,瞬時心率,干擾分數,-0.1403,0.4814,-0.4372,0.1733,路徑,hr,interference
C 心率 → 疲勞 序列中介,疲勞程度,干擾分數,-0.13,0.4811,-0.359,0.2973,路徑,fatigue_now,interference
C 心率 → 疲勞 序列中介,CO₂,干擾分數,-0.4492,0.3936,-1.6157,0.5059,路徑,co2,interference
C 心率 → 疲勞 序列中介,溫度,干擾分數,-0.5087,0.2563,-1.5062,0.488,路徑,temp,interference
C 心率 → 疲勞 序列中介,濕度,干擾分數,-0.3534,0.3809,-1.2476,0.4068,路徑,rh,interference
C 心率 → 疲勞 序列中介,headcount,干擾分數,0.1587,0.5071,-0.329,0.6553,控制,headcount,interference
