類型,變項 1,變項 2,筆數,學生,ρ,p,可偵測的最小 |ρ|,備註,FDR 校正 p
自變量 × 依變量,CO₂,疲勞程度,99,11,0.1985,0.0494,0.2949,,0.3781
自變量 × 依變量,溫度,疲勞程度,99,11,-0.1415,0.1747,0.2949,,0.4852
自變量 × 依變量,濕度,疲勞程度,99,11,-0.1897,0.0773,0.2949,,0.3781
自變量 × 依變量,CO₂,反應時間,116,12,0.0616,0.5113,0.2718,,0.8831
自變量 × 依變量,溫度,反應時間,116,12,0.0104,0.9128,0.2718,,0.9508
自變量 × 依變量,濕度,反應時間,116,12,0.0399,0.6737,0.2718,,0.8831
自變量 × 依變量,CO₂,正確率,116,12,0.0349,0.7016,0.2718,,0.8831
自變量 × 依變量,溫度,正確率,116,12,0.0632,0.5107,0.2718,,0.8831
自變量 × 依變量,濕度,正確率,116,12,0.0032,0.9738,0.2718,,0.9738
自變量 × 依變量,CO₂,干擾分數,116,12,0.0371,0.7058,0.2718,,0.8831
自變量 × 依變量,溫度,干擾分數,116,12,-0.1502,0.1192,0.2718,,0.3781
自變量 × 依變量,濕度,干擾分數,116,12,0.0329,0.7418,0.2718,,0.8831
自變量 × 依變量,CO₂,瞬時心率,71,12,-0.022,0.8605,0.3578,,0.9508
自變量 × 依變量,溫度,瞬時心率,71,12,0.2364,0.0767,0.3578,,0.3781
自變量 × 依變量,濕度,瞬時心率,71,12,0.1396,0.2872,0.3578,,0.6606
自變量 × 依變量,CO₂,心率變異度,20,4,,,,樣本不足（需 ≥ 20 筆、≥ 5 人）,
自變量 × 依變量,溫度,心率變異度,20,4,,,,樣本不足（需 ≥ 20 筆、≥ 5 人）,
自變量 × 依變量,濕度,心率變異度,20,4,,,,樣本不足（需 ≥ 20 筆、≥ 5 人）,
依變量 × 依變量,疲勞程度,反應時間,103,11,-0.166,0.121,0.2885,,0.3781
依變量 × 依變量,疲勞程度,正確率,103,11,0.0345,0.7219,0.2885,,0.8831
依變量 × 依變量,疲勞程度,干擾分數,103,11,-0.0773,0.4768,0.2885,,0.8831
依變量 × 依變量,疲勞程度,瞬時心率,49,10,-0.2591,0.1028,0.4357,,0.3781
依變量 × 依變量,疲勞程度,心率變異度,11,3,,,,樣本不足（需 ≥ 20 筆、≥ 5 人）,
依變量 × 依變量,反應時間,正確率,128,12,0.0341,0.6835,0.2576,,0.8831
依變量 × 依變量,反應時間,干擾分數,128,12,0.2399,0.0088,0.2576,,0.22
依變量 × 依變量,反應時間,瞬時心率,55,12,-0.3193,0.025,0.4161,,0.3125
依變量 × 依變量,反應時間,心率變異度,16,4,,,,樣本不足（需 ≥ 20 筆、≥ 5 人）,
依變量 × 依變量,正確率,干擾分數,128,12,-0.0398,0.627,0.2576,,0.8831
依變量 × 依變量,正確率,瞬時心率,55,12,0.019,0.8939,0.4161,,0.9508
依變量 × 依變量,正確率,心率變異度,16,4,,,,樣本不足（需 ≥ 20 筆、≥ 5 人）,
依變量 × 依變量,干擾分數,瞬時心率,55,12,-0.1565,0.2907,0.4161,,0.6606
依變量 × 依變量,干擾分數,心率變異度,16,4,,,,樣本不足（需 ≥ 20 筆、≥ 5 人）,
依變量 × 依變量,瞬時心率,心率變異度,20,4,,,,樣本不足（需 ≥ 20 筆、≥ 5 人）,
