session,status,source,label,early_slope,late_slope,co2_max,temp_mean,rh_mean,sensors
09-17 AM,無法判定,沒有 CO₂ 資料,無法判定,,,,,,
09-21 AM,後半冷氣,由 CO₂／溫濕度推定,後半冷氣（推定）,-1.3,12.4,2035.0,30.7,59.8,Wa1
09-21 PM,冷氣,由 CO₂／溫濕度推定,冷氣（推定）,-4.6,-3.1,2625.0,29.5,55.5,Wa1、Wa2
09-22 AM,無冷氣,由 CO₂／溫濕度推定,無冷氣（推定）,-0.2,0.2,714.0,30.2,63.5,Wa1、Wa2
09-22 PM,冷氣,由 CO₂／溫濕度推定,冷氣（推定）,24.7,22.0,1877.0,30.3,46.4,Wa1、Wa2
09-23 AM,無冷氣,由 CO₂／溫濕度推定,無冷氣（推定）,1.5,-0.2,771.0,30.6,64.8,Wa1、Wa2
09-23 PM,冷氣,由 CO₂／溫濕度推定,冷氣（推定）,17.2,-3.7,1736.0,29.6,58.9,Wa1、Wa2
09-24 AM,冷氣,研究代碼對照表,冷氣,30.5,2.9,1612.0,29.6,60.9,Wa1、Wa2
09-29 AM,後半冷氣,研究代碼對照表,後半冷氣,5.8,27.9,1451.0,32.1,62.2,Wa1、Wa2
09-29 PM,冷氣,研究代碼對照表,冷氣,19.4,-1.0,2329.0,29.2,52.3,Wa1、Wa2
09-30 AM,冷氣,研究代碼對照表,冷氣,18.8,6.1,1475.0,31.1,58.8,Wa1、Wa2
09-30 PM,冷氣,研究代碼對照表,冷氣,12.9,-8.8,1337.0,29.7,56.0,Wa2
10-01 AM,冷氣,研究代碼對照表,冷氣,38.2,10.6,2430.0,30.4,53.3,Wa1、Wa2
10-02 AM,冷氣,研究代碼對照表,冷氣,30.8,7.1,1698.0,30.0,56.7,Wa1、Wa2
