sensor,session,start,end,co2_mean,co2_max,pct_over_1000,pct_over_1500,pct_over_2000
Wa1,09-21 AM,08:18,11:25,1043.8,2043,31.9,24.9,8.6
Wa1,09-21 PM,13:35,15:06,2323.2,2823,100.0,100.0,99.4
Wa1,09-22 AM,08:28,09:39,585.3,1189,0.7,0.0,0.0
Wa1,09-22 PM,13:15,14:12,1134.2,1786,61.1,23.9,0.0
Wa1,09-23 AM,08:24,09:24,649.7,733,0.0,0.0,0.0
Wa1,09-23 PM,13:09,14:17,1415.4,1747,100.0,41.6,0.0
Wa1,09-24 AM,10:15,11:25,1401.2,1612,86.4,47.7,0.0
Wa1,09-29 AM,08:18,09:19,1043.9,1550,42.6,1.6,0.0
Wa1,09-29 PM,13:08,14:13,1912.1,2337,100.0,87.6,46.5
Wa1,09-30 AM,08:15,09:21,1186.9,1484,72.7,0.0,0.0
Wa1,09-30 PM,13:09,13:15,984.9,1052,7.7,0.0,0.0
Wa1,10-01 AM,10:16,11:20,1817.0,2485,92.4,72.3,41.2
Wa1,10-02 AM,09:32,09:57,1290.2,1750,98.0,6.1,0.0
Wa2,09-21 AM,10:04,10:07,508.6,533,0.0,0.0,0.0
Wa2,09-21 PM,13:34,15:25,2343.1,2705,100.0,100.0,100.0
Wa2,09-22 AM,08:27,09:39,673.8,797,0.0,0.0,0.0
Wa2,09-22 PM,13:14,14:12,1211.8,1888,65.5,29.3,0.0
Wa2,09-23 AM,08:23,09:25,729.0,1050,0.8,0.0,0.0
Wa2,09-23 PM,13:09,14:17,1412.0,1737,97.8,42.3,0.0
Wa2,09-24 AM,10:15,11:25,1178.6,1478,77.3,0.0,0.0
Wa2,09-29 AM,08:18,09:20,836.7,1228,15.9,0.0,0.0
Wa2,09-29 PM,13:07,14:13,1722.7,2147,100.0,72.5,19.8
Wa2,09-30 AM,08:14,09:21,1116.7,1450,68.1,0.0,0.0
Wa2,09-30 PM,13:09,14:12,1140.1,1354,77.3,0.0,0.0
Wa2,10-01 AM,10:15,10:57,1316.3,1943,74.4,41.5,0.0
Wa2,10-02 AM,09:22,10:31,1296.4,1699,78.1,40.1,0.0
