kind,var1,var2,rho,p
overall,co2h,temp,-0.868,0.0
overall,co2h,rh,-0.5916,0.0
overall,co2h,sleep_h,0.0987,0.4342
overall,co2h,sleep_q,-0.0182,0.8854
overall,co2h,test_no,0.0474,0.7074
overall,co2h,fatigue_now,0.1558,0.2151
overall,co2h,rt_mean,0.0289,0.8194
overall,co2h,interference,0.2333,0.0615
overall,co2h,accuracy,-0.0287,0.8206
overall,temp,rh,0.5323,0.0
overall,temp,sleep_h,-0.0618,0.625
overall,temp,sleep_q,-0.0132,0.9171
overall,temp,test_no,0.0627,0.6196
overall,temp,fatigue_now,-0.0752,0.5515
overall,temp,rt_mean,0.0104,0.9345
overall,temp,interference,-0.3602,0.0032
overall,temp,accuracy,-0.0252,0.8422
overall,rh,sleep_h,-0.0341,0.7876
overall,rh,sleep_q,-0.0545,0.6662
overall,rh,test_no,-0.3938,0.0012
overall,rh,fatigue_now,-0.2011,0.1082
overall,rh,rt_mean,0.0116,0.9269
overall,rh,interference,-0.0487,0.7
overall,rh,accuracy,0.089,0.4808
overall,sleep_h,sleep_q,0.3501,0.0043
overall,sleep_h,test_no,0.1248,0.3218
overall,sleep_h,fatigue_now,-0.5569,0.0
overall,sleep_h,rt_mean,0.161,0.2
overall,sleep_h,interference,0.3029,0.0142
overall,sleep_h,accuracy,-0.0935,0.4588
overall,sleep_q,test_no,0.1013,0.4219
overall,sleep_q,fatigue_now,-0.4719,0.0001
overall,sleep_q,rt_mean,0.055,0.6635
overall,sleep_q,interference,0.1365,0.2784
overall,sleep_q,accuracy,0.0009,0.9945
overall,test_no,fatigue_now,-0.1066,0.3979
overall,test_no,rt_mean,-0.2119,0.0901
overall,test_no,interference,-0.235,0.0595
overall,test_no,accuracy,-0.2231,0.074
overall,fatigue_now,rt_mean,-0.0292,0.8175
overall,fatigue_now,interference,-0.324,0.0085
overall,fatigue_now,accuracy,0.1271,0.3129
overall,rt_mean,interference,0.1534,0.2226
overall,rt_mean,accuracy,0.4177,0.0005
overall,interference,accuracy,0.0967,0.4433
within_student,co2h,temp,-0.8674,0.0
within_student,co2h,rh,-0.644,0.0
within_student,co2h,sleep_h,-0.0598,0.6358
within_student,co2h,sleep_q,-0.1823,0.146
within_student,co2h,test_no,-0.0034,0.9786
within_student,co2h,fatigue_now,0.3873,0.0014
within_student,co2h,rt_mean,0.0128,0.9196
within_student,co2h,interference,0.2107,0.092
within_student,co2h,accuracy,-0.0357,0.7776
within_student,temp,rh,0.5326,0.0
within_student,temp,sleep_h,0.0276,0.8271
within_student,temp,sleep_q,0.0375,0.767
within_student,temp,test_no,0.0425,0.7369
within_student,temp,fatigue_now,-0.1604,0.2019
within_student,temp,rt_mean,-0.0419,0.7401
within_student,temp,interference,-0.3533,0.0039
within_student,temp,accuracy,-0.0043,0.9729
within_student,rh,sleep_h,0.0299,0.8131
within_student,rh,sleep_q,0.0504,0.69
within_student,rh,test_no,-0.3762,0.002
within_student,rh,fatigue_now,-0.4066,0.0008
within_student,rh,rt_mean,0.053,0.6752
within_student,rh,interference,-0.0678,0.5916
within_student,rh,accuracy,0.1216,0.3348
within_student,sleep_h,sleep_q,0.196,0.1177
within_student,sleep_h,test_no,-0.0646,0.609
within_student,sleep_h,fatigue_now,-0.0678,0.5913
within_student,sleep_h,rt_mean,0.0347,0.7841
within_student,sleep_h,interference,0.1368,0.2771
within_student,sleep_h,accuracy,-0.0586,0.643
within_student,sleep_q,test_no,0.0107,0.9328
within_student,sleep_q,fatigue_now,-0.1207,0.3383
within_student,sleep_q,rt_mean,-0.2142,0.0866
within_student,sleep_q,interference,0.0881,0.4853
within_student,sleep_q,accuracy,0.0643,0.6109
within_student,test_no,fatigue_now,-0.0067,0.9577
within_student,test_no,rt_mean,-0.3123,0.0113
within_student,test_no,interference,-0.272,0.0284
within_student,test_no,accuracy,-0.2814,0.0232
within_student,fatigue_now,rt_mean,-0.0201,0.8739
within_student,fatigue_now,interference,-0.22,0.0783
within_student,fatigue_now,accuracy,0.1564,0.2135
within_student,rt_mean,interference,0.1892,0.1313
within_student,rt_mean,accuracy,-0.1744,0.1646
within_student,interference,accuracy,-0.0176,0.8896
