outcome,unit,exposure,n,groups,beta,se,ci_low,ci_high,p,aic,delta_aic_vs_base,lr_p,r2_marginal,r2_conditional,loso_rmse,loso_rmse_base,cv5_rmse,cv5_r2,delta_aic_vs_best
Stroop 平均反應時間 (ms),人次,Wa1,82,12,-0.5761,1.0935,-2.7192,1.5671,0.5983,935.7811,1.7228,0.5986,0.0015,0.5691,97.8204,97.6983,66.2271,0.4803,0.0
Stroop 平均反應時間 (ms),人次,Wa2,82,12,0.0063,1.1312,-2.2108,2.2234,0.9956,936.0582,2.0,0.9956,0.0,0.5685,97.9748,97.6983,66.0622,0.4829,0.2771
Stroop 平均反應時間 (ms),人次,Avg,82,12,-0.2986,1.1205,-2.4947,1.8974,0.7898,935.9872,1.929,0.7899,0.0004,0.5685,97.9247,97.6983,66.1825,0.481,0.2062
Stroop 干擾分數 (ms),人次,Wa1,82,12,1.4769,1.5558,-1.5723,4.5262,0.3425,969.072,1.4121,0.4432,0.0111,0.0111,84.5655,86.1776,86.4179,-0.0293,1.7012
Stroop 干擾分數 (ms),人次,Wa2,82,12,2.3721,1.6208,-0.8046,5.5487,0.1433,971.9837,4.3237,1.0,0.0255,0.0255,85.0402,86.1776,86.4018,-0.0289,4.6128
Stroop 干擾分數 (ms),人次,Avg,82,12,2.3781,1.5754,-0.7096,5.4658,0.1312,967.3709,-0.2891,0.1303,0.0275,0.0275,86.7825,86.1776,86.4669,-0.0304,0.0
Stroop 正確率,人次,Wa1,82,12,-0.0019,0.0013,-0.0045,0.0007,0.1557,-185.9566,0.0052,0.1578,0.0232,0.0679,0.0769,0.0767,0.0781,-0.0757,0.0
Stroop 正確率,人次,Wa2,82,12,-0.0015,0.0014,-0.0042,0.0012,0.2841,-185.1017,0.86,0.2857,0.0133,0.0594,0.0769,0.0767,0.0782,-0.0803,0.8549
Stroop 正確率,人次,Avg,82,12,-0.0017,0.0014,-0.0044,0.001,0.2089,-185.5277,0.4341,0.2108,0.0183,0.0637,0.0769,0.0767,0.0782,-0.0785,0.4289
Stroop 平均反應時間（+溫濕度）,人次,Wa1,82,12,2.0453,2.2852,-2.4335,6.5242,0.3708,937.6557,1.2027,0.3719,0.013,0.5744,,,,,0.0
Stroop 平均反應時間（+溫濕度）,人次,Wa2,82,12,0.2337,2.1657,-4.0109,4.4783,0.9141,938.7547,1.9884,0.9141,0.0069,0.5786,,,,,1.099
Stroop 平均反應時間（+溫濕度）,人次,Avg,82,12,0.4115,2.2788,-4.0549,4.8779,0.8567,939.6295,1.9674,0.8567,0.0023,0.5717,,,,,1.9738
CO2 主效應（中性題，log RT）,單題,Wa1,1858,12,-0.0016,0.0014,-0.0043,0.0011,0.2495,-483.7327,4.4779,0.6772,0.0023,0.2246,,,,,1.038
CO2 × 不一致（干擾）,單題,Wa1,1858,12,0.0019,0.0019,-0.0019,0.0058,0.3172,-483.7327,4.4779,0.6772,0.0023,0.2246,,,,,1.038
CO2 主效應（中性題，log RT）,單題,Wa2,1858,12,-0.001,0.0014,-0.0037,0.0018,0.5053,-484.7707,3.44,0.4645,0.0027,0.2258,,,,,0.0
CO2 × 不一致（干擾）,單題,Wa2,1858,12,0.003,0.002,-0.0009,0.007,0.1323,-484.7707,3.44,0.4645,0.0027,0.2258,,,,,0.0
CO2 主效應（中性題，log RT）,單題,Avg,1858,12,-0.0013,0.0014,-0.0041,0.0015,0.358,-483.8115,4.3992,0.6592,0.0023,0.2251,,,,,0.9593
CO2 × 不一致（干擾）,單題,Avg,1858,12,0.0025,0.002,-0.0014,0.0064,0.2086,-483.8115,4.3992,0.6592,0.0023,0.2251,,,,,0.9593
Stroop 平均反應時間（Wa1 全部場次）,人次,Wa1,102,12,-0.0911,1.1324,-2.3105,2.1283,0.9359,,,,,,,,,,
自覺疲勞（現在，1–7）,人次,Wa1,69,11,0.0626,0.0237,0.0161,0.1092,0.0083,240.361,-4.4292,0.0112,0.4542,0.5,1.4629,1.4883,1.3545,0.4212,0.0
自覺疲勞（現在，1–7）,人次,Wa2,69,11,0.0614,0.0243,0.0137,0.1091,0.0116,240.8508,-3.9394,0.0148,0.4553,0.4955,1.4581,1.4883,1.362,0.4148,0.4898
自覺疲勞（現在，1–7）,人次,Avg,69,11,0.0627,0.0241,0.0154,0.11,0.0094,240.5392,-4.251,0.0124,0.455,0.4982,1.4599,1.4883,1.3572,0.4189,0.1782
FSS 過去 24 小時（負對照）,人次,Wa1,69,11,-0.004,0.0082,-0.0201,0.0122,0.63,131.7129,1.7681,0.6301,0.004,0.9077,,,,,0.0286
FSS 過去 24 小時（負對照）,人次,Wa2,69,11,-0.0043,0.0084,-0.0208,0.0122,0.6096,131.6842,1.7394,0.6097,0.004,0.9077,,,,,0.0
FSS 過去 24 小時（負對照）,人次,Avg,69,11,-0.0042,0.0084,-0.0206,0.0122,0.6181,131.6964,1.7516,0.6182,0.004,0.9077,,,,,0.0122
自覺疲勞（+上午/下午）,人次,Wa1,69,11,0.063,0.0372,-0.0099,0.1359,0.0901,242.3608,-1.3867,0.0657,0.4542,0.5,,,,,0.0
自覺疲勞（+上午/下午）,人次,Wa2,69,11,0.0666,0.0433,-0.0183,0.1514,0.124,242.8304,-0.9171,0.0876,0.4557,0.4952,,,,,0.4696
自覺疲勞（+上午/下午）,人次,Avg,69,11,0.0663,0.0404,-0.0129,0.1455,0.101,242.5268,-1.2207,0.0727,0.4552,0.498,,,,,0.166
自覺疲勞（Wa1 全部場次）,人次,Wa1,86,11,0.036,0.022,-0.007,0.0791,0.101,,,,,,,,,,
自覺疲勞（Wa1 全部場次，+上午/下午）,人次,Wa1,86,11,0.0139,0.0247,-0.0346,0.0623,0.5747,,,,,,,,,,
心率 (bpm)，未控制時間,5 分鐘,Wa1,723,105,-0.531,0.0826,-0.6929,-0.3692,0.0,4513.3135,-38.2357,0.0,0.0656,0.87,11.2184,11.2726,4.8838,0.8079,5.1121
心率 (bpm)，未控制時間,5 分鐘,Wa2,723,105,-0.5408,0.079,-0.6957,-0.3858,0.0,4508.2015,-43.3477,0.0,0.0642,0.8673,11.0918,11.2726,4.876,0.8085,0.0
心率 (bpm)，未控制時間,5 分鐘,Avg,723,105,-0.5436,0.0813,-0.7029,-0.3843,0.0,4510.1431,-41.4061,0.0,0.0658,0.8689,11.1537,11.2726,4.8769,0.8084,1.9416
心率 (bpm)，控制上課經過時間,5 分鐘,Wa1,723,105,-0.1822,0.1132,-0.4042,0.0397,0.1076,4495.529,-0.5749,0.1086,0.0218,0.8707,11.2059,11.2677,4.872,0.8088,1.6344
心率 (bpm)，控制上課經過時間,5 分鐘,Wa2,723,105,-0.2272,0.1104,-0.4436,-0.0109,0.0395,4493.8946,-2.2092,0.0402,0.025,0.8695,11.1417,11.2677,4.8668,0.8092,0.0
心率 (bpm)，控制上課經過時間,5 分鐘,Avg,723,105,-0.2109,0.1133,-0.4329,0.0111,0.0626,4494.6604,-1.4435,0.0635,0.0238,0.8701,11.1728,11.2677,4.8686,0.8091,0.7657
HRV log(RMSSD)，未控制時間,5 分鐘,Wa1,231,41,0.0134,0.0073,-0.0009,0.0278,0.0666,49.2059,-1.3335,0.0679,0.0423,0.8558,0.4943,0.5104,0.2475,0.7647,1.8308
HRV log(RMSSD)，未控制時間,5 分鐘,Wa2,231,41,0.0157,0.0069,0.0022,0.0292,0.0224,47.3751,-3.1643,0.0231,0.0487,0.8558,0.4915,0.5104,0.2458,0.768,0.0
HRV log(RMSSD)，未控制時間,5 分鐘,Avg,231,41,0.0149,0.0072,0.0009,0.029,0.0371,48.2369,-2.3024,0.0381,0.0459,0.8556,0.4925,0.5104,0.2466,0.7665,0.8619
HRV log(RMSSD)，控制上課經過時間,5 分鐘,Wa1,231,41,0.0041,0.0107,-0.0169,0.0251,0.7034,49.7125,1.8559,0.7043,0.0341,0.8638,0.5073,0.5133,0.2493,0.7614,0.8718
HRV log(RMSSD)，控制上課經過時間,5 分鐘,Wa2,231,41,0.0103,0.0102,-0.0096,0.0303,0.3105,48.8407,0.9841,0.3135,0.0401,0.8594,0.4991,0.5133,0.2478,0.7641,0.0
HRV log(RMSSD)，控制上課經過時間,5 分鐘,Avg,231,41,0.0076,0.0106,-0.0132,0.0285,0.4726,49.3462,1.4896,0.475,0.0365,0.861,0.5024,0.5133,0.2485,0.7628,0.5055
心率，逐人（控制上課經過時間）,5 分鐘,Wa1,381,12,0.1111,0.1136,-0.1116,0.3337,0.3281,2679.8984,1.0453,0.3285,0.0187,0.5822,,,,,0.0
心率，逐人（控制上課經過時間）,5 分鐘,Wa2,381,12,0.0506,0.1166,-0.178,0.2792,0.6643,2680.6648,1.8117,0.6643,0.0179,0.5795,,,,,0.7665
心率，逐人（控制上課經過時間）,5 分鐘,Avg,381,12,0.0826,0.1158,-0.1444,0.3096,0.4756,2680.3445,1.4914,0.4758,0.0182,0.5807,,,,,0.4462
HRV log(RMSSD)，逐人（控制上課經過時間）,5 分鐘,Wa1,137,6,0.0357,0.0116,0.013,0.0585,0.0021,191.0132,-7.1692,0.0025,0.1092,0.4461,,,,,0.1163
HRV log(RMSSD)，逐人（控制上課經過時間）,5 分鐘,Wa2,137,6,0.0365,0.0119,0.0133,0.0598,0.0021,191.0317,-7.1507,0.0025,0.1051,0.4558,,,,,0.1347
HRV log(RMSSD)，逐人（控制上課經過時間）,5 分鐘,Avg,137,6,0.0366,0.0118,0.0135,0.0597,0.0019,190.8969,-7.2855,0.0023,0.1075,0.4516,,,,,0.0
反應時間（+施測前心率）,人次,Wa1,21,10,2.0318,3.9842,-5.7771,9.8407,0.6101,250.4468,1.7527,0.619,0.0852,0.7666,,,,,0.1098
反應時間（+施測前心率）,人次,Wa2,21,10,2.1632,3.5323,-4.7599,9.0863,0.5403,250.3369,1.6429,0.5501,0.089,0.7674,,,,,0.0
反應時間（+施測前心率）,人次,Avg,21,10,2.1563,3.779,-5.2503,9.5629,0.5683,250.3846,1.6906,0.578,0.0877,0.768,,,,,0.0477
施測前心率 ~ CO2,人次,Avg,21,10,0.5214,0.4359,-0.333,1.3758,0.2317,,,,,,,,,,
