outcome,exposure,n_obs,method,n_students,median_rho,q1_rho,q3_rho,n_positive,n_negative,p,median_low,median_high,hl_diff_high_minus_low,rank_biserial,mean_rho,null_2.5%,null_97.5%,tertile_cut_ppm,median_mid,page_p_increasing,page_p_decreasing
自覺疲勞（兩臺平均）,co2_Avg,69,個人內 Spearman → Wilcoxon,8,0.4315,0.1806,0.5488,6.0,2.0,0.25,,,,,,,,,,,
自覺疲勞（兩臺平均）,co2_Avg,69,高／低 CO2 配對 Wilcoxon（門檻 1000 ppm）,11,,,,8.0,3.0,0.0635,4.0,4.5,0.8452,0.6364,,,,,,,
自覺疲勞（兩臺平均）,co2_Avg,69,節次置換檢定（9 節，10000 次）,11,,,,,,0.1803,,,,,0.26,-0.3656,0.3664,,,,
自覺疲勞（兩臺平均）,co2_Avg,69,co2_Avg 三分位 Friedman / Page 趨勢,8,,,,,,0.1953,3.8333,4.4167,,,,,,1148 / 1657,4.3333,0.0521,0.9705
自覺疲勞（Wa1）,co2_Wa1,69,個人內 Spearman → Wilcoxon,8,0.4191,0.1806,0.5303,6.0,2.0,0.25,,,,,,,,,,,
自覺疲勞（Wa1）,co2_Wa1,69,高／低 CO2 配對 Wilcoxon（門檻 1000 ppm）,11,,,,8.0,3.0,0.0635,4.0,4.5,0.8452,0.6364,,,,,,,
自覺疲勞（Wa1）,co2_Wa1,69,節次置換檢定（9 節，10000 次）,11,,,,,,0.1803,,,,,0.26,-0.3656,0.3664,,,,
自覺疲勞（Wa1）,co2_Wa1,69,co2_Wa1 三分位 Friedman / Page 趨勢,8,,,,,,0.1953,3.8333,4.4167,,,,,,1306 / 1662,4.3333,0.0521,0.9705
自覺疲勞（Wa2）,co2_Wa2,69,個人內 Spearman → Wilcoxon,8,0.422,0.1806,0.6477,6.0,2.0,0.25,,,,,,,,,,,
自覺疲勞（Wa2）,co2_Wa2,69,高／低 CO2 配對 Wilcoxon（門檻 1000 ppm）,11,,,,8.0,3.0,0.2109,4.0,4.2,0.5,0.4394,,,,,,,
自覺疲勞（Wa2）,co2_Wa2,69,節次置換檢定（9 節，10000 次）,11,,,,,,0.1803,,,,,0.26,-0.3656,0.3664,,,,
自覺疲勞（Wa2）,co2_Wa2,69,co2_Wa2 三分位 Friedman / Page 趨勢,8,,,,,,0.1953,3.8333,4.4167,,,,,,990 / 1652,4.3333,0.0521,0.9705
自覺疲勞 vs 溫度,temp_Avg,69,個人內 Spearman → Wilcoxon,8,-0.1464,-0.3689,0.1645,3.0,5.0,0.6406,,,,,,,,,,,
自覺疲勞 vs 溫度,temp_Avg,69,節次置換檢定（9 節，10000 次）,11,,,,,,0.7489,,,,,-0.0646,-0.3629,0.3607,,,,
自覺疲勞 vs 溫度,temp_Avg,69,temp_Avg 三分位 Friedman / Page 趨勢,8,,,,,,0.1953,4.4167,3.8333,,,,,,30 / 30,4.3333,0.9705,0.0521
自覺疲勞 vs 濕度,rh_Avg,69,個人內 Spearman → Wilcoxon,8,-0.352,-0.5136,-0.176,1.0,6.0,0.0781,,,,,,,,,,,
自覺疲勞 vs 濕度,rh_Avg,69,節次置換檢定（9 節，10000 次）,11,,,,,,0.0755,,,,,-0.3365,-0.372,0.3615,,,,
自覺疲勞 vs 濕度,rh_Avg,69,rh_Avg 三分位 Friedman / Page 趨勢,8,,,,,,0.1953,4.6667,2.75,,,,,,55 / 59,4.8333,0.9705,0.0862
Stroop 反應時間（兩臺平均）,co2_Avg,82,個人內 Spearman → Wilcoxon,11,0.0167,-0.256,0.2643,6.0,5.0,0.9658,,,,,,,,,,,
Stroop 反應時間（兩臺平均）,co2_Avg,82,高／低 CO2 配對 Wilcoxon（門檻 1000 ppm）,12,,,,4.0,8.0,0.3394,619.9203,627.3405,-14.5048,-0.3333,,,,,,,
Stroop 反應時間（兩臺平均）,co2_Avg,82,節次置換檢定（9 節，10000 次）,12,,,,,,0.8999,,,,,-0.0236,-0.3437,0.3431,,,,
Stroop 反應時間（兩臺平均）,co2_Avg,82,co2_Avg 三分位 Friedman / Page 趨勢,10,,,,,,0.2725,622.8438,653.9261,,,,,,1202 / 1702,592.8119,0.3707,0.709
Stroop 反應時間（Wa1）,co2_Wa1,82,個人內 Spearman → Wilcoxon,11,0.0167,-0.256,0.2643,6.0,5.0,0.9658,,,,,,,,,,,
Stroop 反應時間（Wa1）,co2_Wa1,82,高／低 CO2 配對 Wilcoxon（門檻 1000 ppm）,12,,,,4.0,8.0,0.3394,619.9203,627.3405,-14.5048,-0.3333,,,,,,,
Stroop 反應時間（Wa1）,co2_Wa1,82,節次置換檢定（9 節，10000 次）,12,,,,,,0.8999,,,,,-0.0236,-0.3437,0.3431,,,,
Stroop 反應時間（Wa1）,co2_Wa1,82,co2_Wa1 三分位 Friedman / Page 趨勢,10,,,,,,0.2725,622.8438,653.9261,,,,,,1367 / 1710,592.8119,0.3707,0.709
Stroop 反應時間（Wa2）,co2_Wa2,82,個人內 Spearman → Wilcoxon,11,0.0167,-0.256,0.281,6.0,5.0,0.9658,,,,,,,,,,,
Stroop 反應時間（Wa2）,co2_Wa2,82,高／低 CO2 配對 Wilcoxon（門檻 1000 ppm）,12,,,,4.0,8.0,0.3394,619.9203,627.3405,-14.5048,-0.3333,,,,,,,
Stroop 反應時間（Wa2）,co2_Wa2,82,節次置換檢定（9 節，10000 次）,12,,,,,,0.8999,,,,,-0.0236,-0.3437,0.3431,,,,
Stroop 反應時間（Wa2）,co2_Wa2,82,co2_Wa2 三分位 Friedman / Page 趨勢,10,,,,,,0.2725,622.8438,653.9261,,,,,,1036 / 1694,592.8119,0.3707,0.709
Stroop 反應時間，第 4 次以後（兩臺平均）,co2_Avg,68,個人內 Spearman → Wilcoxon,9,-0.3095,-0.5476,-0.2143,2.0,7.0,0.1289,,,,,,,,,,,
Stroop 反應時間，第 4 次以後（兩臺平均）,co2_Avg,68,高／低 CO2 配對 Wilcoxon（門檻 1000 ppm）,10,,,,2.0,8.0,0.1055,651.8474,620.4788,-26.3402,-0.6,,,,,,,
Stroop 反應時間，第 4 次以後（兩臺平均）,co2_Avg,68,節次置換檢定（8 節，10000 次）,11,,,,,,0.1233,,,,,-0.272,-0.3312,0.3357,,,,
Stroop 反應時間，第 4 次以後（兩臺平均）,co2_Avg,68,co2_Avg 三分位 Friedman / Page 趨勢,10,,,,,,0.9048,628.4167,634.3947,,,,,,1202 / 1513,582.1136,0.4561,0.6293
Stroop 干擾分數（兩臺平均）,co2_Avg,82,個人內 Spearman → Wilcoxon,11,0.1429,-0.0107,0.1893,8.0,3.0,0.3652,,,,,,,,,,,
Stroop 干擾分數（兩臺平均）,co2_Avg,82,高／低 CO2 配對 Wilcoxon（門檻 1000 ppm）,12,,,,3.0,9.0,0.2036,22.4062,12.4874,-13.934,-0.4359,,,,,,,
Stroop 干擾分數（兩臺平均）,co2_Avg,82,節次置換檢定（9 節，10000 次）,12,,,,,,0.8016,,,,,0.0318,-0.2331,0.2294,,,,
Stroop 干擾分數（兩臺平均）,co2_Avg,82,co2_Avg 三分位 Friedman / Page 趨勢,10,,,,,,0.1496,3.8363,34.0863,,,,,,1202 / 1702,-3.0938,0.0738,0.9534
Stroop 正確率（兩臺平均）,co2_Avg,82,個人內 Spearman → Wilcoxon,11,0.0,-0.312,0.4311,5.0,5.0,0.9219,,,,,,,,,,,
Stroop 正確率（兩臺平均）,co2_Avg,82,高／低 CO2 配對 Wilcoxon（門檻 1000 ppm）,12,,,,3.0,8.0,0.0674,0.9688,0.9501,-0.027,-0.6364,,,,,,,
Stroop 正確率（兩臺平均）,co2_Avg,82,節次置換檢定（9 節，10000 次）,12,,,,,,0.6434,,,,,0.0306,-0.1167,0.1212,,,,
Stroop 正確率（兩臺平均）,co2_Avg,82,co2_Avg 三分位 Friedman / Page 趨勢,10,,,,,,0.723,0.9653,0.9583,,,,,,1202 / 1702,0.9514,0.7801,0.291
心率，每節平均（兩臺平均）,co2_Avg,62,個人內 Spearman → Wilcoxon,10,0.0714,-0.4857,0.5071,5.0,4.0,0.8398,,,,,,,,,,,
心率，每節平均（兩臺平均）,co2_Avg,62,高／低 CO2 配對 Wilcoxon（門檻 1000 ppm）,11,,,,6.0,5.0,0.5195,90.9218,91.9033,-2.4174,-0.2424,,,,,,,
心率，每節平均（兩臺平均）,co2_Avg,62,節次置換檢定（7 節，10000 次）,12,,,,,,0.8049,,,,,0.0579,-0.3607,0.3614,,,,
心率，每節平均（兩臺平均）,co2_Avg,62,co2_Avg 三分位 Friedman / Page 趨勢,10,,,,,,0.4066,92.0463,95.9403,,,,,,1164 / 1332,91.7098,0.291,0.7801
