model,to,from,b,se,ci_low,ci_high,p,beta_std,boot_ci_low,boot_ci_high
A,fatigue_now,co2h,0.0999,0.0495,0.0029,0.1969,0.0435,0.3564,0.0084,0.1656
A,fatigue_now,temp,0.8013,0.499,-0.1768,1.7794,0.1084,0.2461,-0.2073,1.7341
A,fatigue_now,rh,-0.0656,0.0434,-0.1507,0.0194,0.1305,-0.1611,-0.157,0.0012
A,fatigue_now,sleep_h,-0.6425,0.1779,-0.9912,-0.2939,0.0003,-0.4511,-1.0299,0.153
A,fatigue_now,sleep_q,-0.1839,0.1587,-0.4949,0.1271,0.2465,-0.1493,-0.7093,0.2036
A,rt_mean,fatigue_now,-8.8213,6.9604,-22.4633,4.8208,0.205,-0.1539,-46.3339,10.8872
A,rt_mean,co2h,1.8545,2.7246,-3.4857,7.1946,0.4961,0.1154,-3.8173,8.8487
A,rt_mean,temp,27.1578,27.6168,-26.9701,81.2856,0.3254,0.1455,-35.9497,113.3507
A,rt_mean,rh,-1.0297,2.786,-6.4901,4.4307,0.7117,-0.0441,-3.4164,1.8086
A,rt_mean,test_no,-6.5799,3.7966,-14.0211,0.8613,0.0831,-0.1667,-11.0692,-0.0674
A,interference,fatigue_now,-11.4023,5.6819,-22.5387,-0.2659,0.0448,-0.2517,-24.6403,-4.6232
A,interference,co2h,-3.1947,2.8562,-8.7928,2.4033,0.2633,-0.2516,-10.0649,2.2842
A,interference,temp,-71.7706,30.1012,-130.7678,-12.7734,0.0171,-0.4865,-148.4954,-3.7039
A,interference,rh,-3.3413,3.0363,-9.2923,2.6097,0.2711,-0.1811,-11.699,3.1715
A,interference,test_no,-7.9485,4.0399,-15.8666,-0.0304,0.0491,-0.2549,-16.2316,-2.0734
B,hr_pre,co2h,2.2987,3.5678,-4.694,9.2914,0.5194,0.8619,-4.6155,19.4123
B,hr_pre,temp,7.308,20.163,-32.2107,46.8267,0.717,0.4168,-32.3956,96.0387
B,hr_pre,rh,2.1788,2.5685,-2.8553,7.2129,0.3963,0.6382,-2.3408,14.2912
B,fatigue_now,hr_pre,-0.0536,0.0285,-0.1094,0.0022,0.0595,-0.3085,-0.1235,0.0723
B,fatigue_now,co2h,-0.1157,0.074,-0.2609,0.0294,0.118,-0.2497,-0.3175,0.015
B,fatigue_now,sleep_h,-0.6404,0.1611,-0.9561,-0.3246,0.0001,-0.5967,-0.9637,1.3835
B,fatigue_now,sleep_q,-0.1159,0.1683,-0.4457,0.214,0.4912,-0.1123,-1.2926,0.3879
B,rt_mean,fatigue_now,-5.7781,13.5621,-32.3594,20.8032,0.6701,-0.1005,-32.932,62.3942
B,rt_mean,hr_pre,-3.7222,2.2905,-8.2115,0.7671,0.1041,-0.3725,-7.0561,4.9064
B,rt_mean,co2h,1.7753,4.3531,-6.7567,10.3072,0.6834,0.0666,-12.9287,22.9345
B,rt_mean,test_no,0.4612,9.8012,-18.7487,19.6711,0.9625,0.0095,-26.3839,23.9637
