session,n_pairs,wa1_mean,wa2_mean,mean_diff_wa1_minus_wa2,sd_diff,loa_low,loa_high,pearson_r,temp_diff,rh_diff
全部,1290,1330.118,1285.192,44.926,136.628,-222.865,312.716,0.972,-0.595,-0.054
09-21 PM,164,2322.226,2365.933,-43.707,83.09,-206.564,119.149,0.845,-0.404,-0.483
09-22 AM,144,585.319,673.778,-88.458,53.847,-193.998,17.081,0.385,-0.338,-1.751
09-22 PM,113,1134.195,1223.991,-89.796,55.167,-197.924,18.331,0.991,-0.488,0.158
09-23 AM,122,649.738,726.746,-77.008,47.305,-169.726,15.709,-0.428,-0.491,-1.011
09-23 PM,136,1416.301,1413.816,2.485,41.676,-79.2,84.171,0.985,-0.606,1.227
09-24 AM,88,1401.227,1218.455,182.773,97.542,-8.41,373.955,0.937,-1.023,1.311
09-29 AM,122,1043.91,828.311,215.598,77.871,62.971,368.226,0.908,-0.408,-0.61
09-29 PM,129,1912.116,1724.496,187.62,47.911,93.715,281.526,0.986,-0.856,0.422
09-30 AM,132,1186.864,1119.045,67.818,33.865,1.444,134.193,0.996,-0.877,0.541
09-30 PM,13,984.923,922.923,62.0,44.682,-25.577,149.577,-0.135,-0.546,-0.823
10-01 AM,78,1546.872,1331.0,215.872,90.417,38.655,393.088,0.972,-0.403,-0.377
10-02 AM,49,1290.163,1211.02,79.143,128.661,-173.033,331.319,0.714,-1.041,1.5
