block,fatigue_n,fatigue_now,fss,n_students,co2_Wa1,co2_Wa2,temp_Wa1,temp_Wa2,rh_Wa1,rh_Wa2,rt_mean,rt_sd,interference,accuracy,ac,headcount,hr_windows,wearers,hr_mean
09-17 AM,7,2.29,3.92,9,,,,,,,842.46,177.81,28.69,1.0,,24.0,45,5,99.57
09-21 AM,9,3.56,4.06,10,1997.78,,30.56,,52.34,,690.12,159.4,44.03,0.98,,23.0,18,5,83.07
09-21 PM,9,5.11,4.42,9,2573.54,2610.89,29.49,30.0,56.64,56.66,650.0,68.68,31.4,0.97,,23.0,63,8,81.13
09-22 AM,7,3.0,4.17,10,585.22,697.62,30.54,30.76,60.66,62.62,627.53,91.1,29.92,0.97,,23.0,65,7,89.77
09-22 PM,6,4.33,3.91,10,1754.7,1856.37,29.52,30.0,50.89,48.85,629.1,78.11,46.65,0.95,,23.0,54,8,92.34
09-23 AM,11,3.45,4.63,12,656.66,726.42,30.73,31.18,62.06,62.91,636.91,137.05,1.25,0.96,,23.0,81,10,92.0
09-23 PM,6,3.67,4.5,6,1709.72,1693.52,29.8,30.2,61.6,58.78,567.46,78.08,26.46,0.96,,23.0,79,10,91.42
09-24 AM,8,3.75,4.65,10,1580.56,1444.5,29.3,30.3,59.33,58.32,582.19,76.61,5.44,0.94,冷氣,23.0,85,10,95.51
09-29 AM,7,4.57,4.25,10,1366.79,1036.3,30.08,31.89,55.79,52.71,595.55,82.58,-32.76,0.95,後半冷氣,22.0,74,11,90.31
09-29 PM,7,4.14,4.08,8,2230.15,2100.35,29.31,30.02,51.29,50.86,589.8,104.82,56.69,0.88,冷氣,23.0,86,10,90.39
09-30 AM,9,4.44,4.56,10,1450.2,1409.07,29.84,31.03,55.58,54.1,597.02,77.73,-36.25,0.93,冷氣,23.0,65,10,95.5
09-30 PM,7,3.86,4.1,6,,1156.21,,30.18,,56.5,582.8,78.7,35.15,0.94,冷氣,23.0,81,11,89.12
10-01 AM,8,3.38,4.28,10,2334.8,,29.86,,49.49,,576.14,67.51,-28.22,0.97,冷氣,23.0,75,10,96.67
10-02 AM,7,4.29,4.67,8,,1596.08,,30.15,,54.36,574.72,109.53,44.27,0.93,冷氣,23.0,77,9,88.26
