outcome,exposure,adjust,n,beta,se,ci_low,ci_high,p,temp_beta,temp_p,rh_beta,rh_p,aic_minus_co2_only
Stroop 平均反應時間,Wa1,none,82,-0.3132,1.0603,-2.3913,1.7649,0.7677,,,,,
Stroop 平均反應時間,Wa1,+temp,82,1.3026,2.213,-3.0349,5.64,0.5561,21.641,0.4061,,,
Stroop 平均反應時間,Wa1,+temp+rh,82,0.803,2.2914,-3.6881,5.2941,0.726,24.5853,0.3484,-1.7536,0.4248,
Stroop 平均反應時間,Wa1,temp+rh only (no CO2),82,,,,,,,,,,0.7992
Stroop 平均反應時間,Wa2,none,82,-0.1059,1.0906,-2.2435,2.0316,0.9226,,,,,
Stroop 平均反應時間,Wa2,+temp,82,0.1057,1.6603,-3.1484,3.3599,0.9492,2.6895,0.8657,,,
Stroop 平均反應時間,Wa2,+temp+rh,82,0.0116,2.1091,-4.1222,4.1453,0.9956,2.4156,0.8826,-0.1392,0.9423,
Stroop 平均反應時間,Wa2,temp+rh only (no CO2),82,,,,,,,,,,1.9662
Stroop 平均反應時間,Avg,none,82,-0.2143,1.08,-2.331,1.9023,0.8427,,,,,
Stroop 平均反應時間,Avg,+temp,82,0.5444,1.9557,-3.2888,4.3776,0.7807,10.1388,0.6419,,,
Stroop 平均反應時間,Avg,+temp+rh,82,0.1552,2.2005,-4.1577,4.4681,0.9438,9.9934,0.6464,-0.7984,0.7006,
Stroop 平均反應時間,Avg,temp+rh only (no CO2),82,,,,,,,,,,1.641
Stroop 干擾分數,Wa1,none,82,2.5228,1.557,-0.5289,5.5746,0.1052,,,,,
Stroop 干擾分數,Wa1,+temp,82,2.2638,3.152,-3.914,8.4416,0.4726,-3.5231,0.9234,,,
Stroop 干擾分數,Wa1,+temp+rh,82,1.7822,3.2633,-4.6137,8.178,0.585,0.3811,0.9918,-1.9196,0.539,
Stroop 干擾分數,Wa1,temp+rh only (no CO2),82,,,,,,,,,,2.2599
Stroop 干擾分數,Wa2,none,82,2.8129,1.5624,-0.2493,5.8752,0.0718,,,,,
Stroop 干擾分數,Wa2,+temp,82,-0.175,2.3897,-4.8587,4.5088,0.9416,-37.3594,0.0971,,,
Stroop 干擾分數,Wa2,+temp+rh,82,-0.8152,2.9707,-6.6376,5.0072,0.7838,-39.4964,0.0896,-0.956,0.7124,
Stroop 干擾分數,Wa2,temp+rh only (no CO2),82,,,,,,,,,,-0.8521
Stroop 干擾分數,Avg,none,82,2.6918,1.5676,-0.3807,5.7643,0.086,,,,,
Stroop 干擾分數,Avg,+temp,82,-0.3574,2.8336,-5.9113,5.1964,0.8996,-40.3229,0.1959,,,
Stroop 干擾分數,Avg,+temp+rh,82,-0.5954,3.1555,-6.78,5.5892,0.8503,-39.7866,0.2038,-0.7032,0.8053,
Stroop 干擾分數,Avg,temp+rh only (no CO2),82,,,,,,,,,,0.5478
自覺疲勞,Wa1,none,69,0.0641,0.0237,0.0176,0.1106,0.0069,,,,,
自覺疲勞,Wa1,+temp,69,0.1025,0.0376,0.0288,0.1763,0.0064,0.5005,0.1965,,,
自覺疲勞,Wa1,+temp+rh,69,0.0687,0.0393,-0.0083,0.1458,0.0804,0.5838,0.1174,-0.1059,0.0222,
自覺疲勞,Wa1,temp+rh only (no CO2),69,,,,,,,,,,-1.7457
自覺疲勞,Wa2,none,69,0.0611,0.0243,0.0134,0.1088,0.0121,,,,,
自覺疲勞,Wa2,+temp,69,0.1231,0.0353,0.0539,0.1923,0.0005,0.7897,0.0211,,,
自覺疲勞,Wa2,+temp+rh,69,0.0653,0.0413,-0.0157,0.1463,0.114,0.6867,0.0381,-0.1087,0.013,
自覺疲勞,Wa2,temp+rh only (no CO2),69,,,,,,,,,,-6.5203
自覺疲勞,Avg,none,69,0.063,0.0241,0.0158,0.1102,0.0089,,,,,
自覺疲勞,Avg,+temp,69,0.1191,0.0373,0.046,0.1921,0.0014,0.7277,0.0567,,,
自覺疲勞,Avg,+temp+rh,69,0.0716,0.0406,-0.008,0.1512,0.0778,0.7359,0.0433,-0.1139,0.012,
自覺疲勞,Avg,temp+rh only (no CO2),69,,,,,,,,,,-4.5243
心率（裝置×節次）,Wa1,none,693,-0.2575,0.1314,-0.515,-0.0,0.05,,,,,
心率（裝置×節次）,Wa1,+temp,693,-0.1787,0.1482,-0.4692,0.1117,0.2278,0.6038,0.2498,,,
心率（裝置×節次）,Wa1,+temp+rh,693,-0.1737,0.1484,-0.4646,0.1171,0.2417,0.5231,0.3179,0.239,0.0154,
心率（裝置×節次）,Wa1,temp+rh only (no CO2),693,,,,,,,,,,-3.8171
心率（裝置×節次）,Wa2,none,693,-0.3033,0.1299,-0.5578,-0.0488,0.0195,,,,,
心率（裝置×節次）,Wa2,+temp,693,-0.349,0.1593,-0.6612,-0.0368,0.0284,-0.3884,0.6207,,,
心率（裝置×節次）,Wa2,+temp+rh,693,-0.3489,0.1597,-0.6619,-0.0359,0.0289,-0.7247,0.3656,0.2118,0.0311,
心率（裝置×節次）,Wa2,temp+rh only (no CO2),693,,,,,,,,,,1.8639
心率（裝置×節次）,Avg,none,693,-0.2878,0.1323,-0.547,-0.0286,0.0295,,,,,
心率（裝置×節次）,Avg,+temp,693,-0.2472,0.1548,-0.5505,0.0562,0.1102,0.3289,0.6125,,,
心率（裝置×節次）,Avg,+temp+rh,693,-0.2455,0.155,-0.5493,0.0584,0.1133,0.0931,0.8873,0.225,0.0254,
心率（裝置×節次）,Avg,temp+rh only (no CO2),693,,,,,,,,,,-0.7484
HRV log(RMSSD)（裝置×節次）,Wa1,none,174,0.0143,0.0149,-0.0149,0.0435,0.3384,,,,,
HRV log(RMSSD)（裝置×節次）,Wa1,+temp,174,0.0262,0.0155,-0.0042,0.0565,0.091,0.125,0.0253,,,
HRV log(RMSSD)（裝置×節次）,Wa1,+temp+rh,174,0.0257,0.017,-0.0077,0.059,0.1311,0.1261,0.0294,-0.0011,0.9408,
HRV log(RMSSD)（裝置×節次）,Wa1,temp+rh only (no CO2),174,,,,,,,,,,-0.6616
HRV log(RMSSD)（裝置×節次）,Wa2,none,174,0.0243,0.0147,-0.0044,0.053,0.0967,,,,,
HRV log(RMSSD)（裝置×節次）,Wa2,+temp,174,0.0472,0.0163,0.0151,0.0792,0.0039,0.2285,0.0038,,,
HRV log(RMSSD)（裝置×節次）,Wa2,+temp+rh,174,0.0485,0.0169,0.0154,0.0816,0.0041,0.2187,0.0102,0.0038,0.763,
HRV log(RMSSD)（裝置×節次）,Wa2,temp+rh only (no CO2),174,,,,,,,,,,1.6816
HRV log(RMSSD)（裝置×節次）,Avg,none,174,0.02,0.015,-0.0094,0.0495,0.1821,,,,,
HRV log(RMSSD)（裝置×節次）,Avg,+temp,174,0.0369,0.016,0.0055,0.0684,0.0214,0.1751,0.0095,,,
HRV log(RMSSD)（裝置×節次）,Avg,+temp+rh,174,0.0373,0.0172,0.0035,0.071,0.0304,0.1735,0.0178,0.0008,0.9551,
HRV log(RMSSD)（裝置×節次）,Avg,temp+rh only (no CO2),174,,,,,,,,,,0.0213
