outcome,exposure,n,temp_mean,temp_min,temp_max,rh_mean,rh_min,rh_max,r_co2_temp,r_co2_rh,r_temp_rh
Stroop 平均反應時間,Wa1,82,29.896,29.08,30.74,57.098,50.14,62.2,-0.873,-0.645,0.642
Stroop 平均反應時間,Wa2,82,30.672,29.96,32.02,56.319,48.6,63.02,-0.73,-0.6,0.23
Stroop 平均反應時間,Avg,82,30.284,29.53,31.14,56.709,49.37,62.61,-0.829,-0.643,0.499
Stroop 干擾分數,Wa1,82,29.896,29.08,30.74,57.098,50.14,62.2,-0.873,-0.645,0.642
Stroop 干擾分數,Wa2,82,30.672,29.96,32.02,56.319,48.6,63.02,-0.73,-0.6,0.23
Stroop 干擾分數,Avg,82,30.284,29.53,31.14,56.709,49.37,62.61,-0.829,-0.643,0.499
自覺疲勞,Wa1,69,29.931,29.0,31.483,57.283,48.983,62.583,-0.761,-0.614,0.518
自覺疲勞,Wa2,69,30.666,29.983,32.2,56.739,48.15,63.017,-0.724,-0.595,0.279
自覺疲勞,Avg,69,30.299,29.5,31.842,57.011,48.567,62.658,-0.758,-0.619,0.436
心率（裝置×節次）,Wa1,693,29.979,28.167,32.58,57.857,42.59,68.81,-0.455,-0.594,0.306
心率（裝置×節次）,Wa2,693,30.646,28.989,32.8,57.916,44.12,69.06,-0.516,-0.615,0.349
心率（裝置×節次）,Avg,693,30.312,28.578,32.69,57.886,43.765,68.845,-0.488,-0.615,0.349
HRV log(RMSSD)（裝置×節次）,Wa1,174,30.014,28.167,32.58,59.223,50.73,68.81,-0.435,-0.819,0.337
HRV log(RMSSD)（裝置×節次）,Wa2,174,30.725,28.989,32.8,59.16,50.57,69.06,-0.498,-0.79,0.394
HRV log(RMSSD)（裝置×節次）,Avg,174,30.369,28.578,32.69,59.191,50.65,68.845,-0.47,-0.823,0.392
