sensor,session,minutes,c_start,c_peak,css,ach_per_h,r2,g_ppm_per_h,usable
Wa1,09-21 AM,185,785.0,2043.0,20000.0,0.025,0.886,490.655,False
Wa1,09-21 PM,80,2353.0,2752.0,20000.0,0.018,0.761,345.132,False
Wa1,09-22 PM,54,508.0,1781.0,4297.983,0.5,0.995,1940.917,True
Wa1,09-23 PM,60,1026.0,1747.0,2021.404,1.254,0.99,2008.215,True
Wa1,09-24 AM,67,885.0,1612.0,1639.481,2.313,0.974,2820.062,True
Wa1,09-29 AM,57,899.0,1550.0,20000.0,0.021,0.477,408.86,False
Wa1,09-29 PM,56,1403.0,2337.0,3319.751,0.701,0.997,2033.487,True
Wa1,09-30 AM,63,784.0,1484.0,1631.56,1.809,0.981,2191.159,True
Wa1,10-01 AM,62,988.0,2436.0,2792.897,1.648,0.951,3910.967,True
Wa1,10-02 AM,22,1083.0,1560.0,19999.897,0.063,0.895,1226.63,False
Wa2,09-21 PM,89,2352.0,2625.0,20000.0,0.017,0.787,329.121,False
Wa2,09-22 AM,13,663.0,715.0,19999.948,0.011,0.913,221.498,False
Wa2,09-22 PM,52,646.0,1877.0,13542.843,0.124,0.988,1624.913,False
Wa2,09-23 AM,18,673.0,769.0,977.133,1.493,0.972,831.769,False
Wa2,09-23 PM,61,1013.0,1736.0,2070.278,1.18,0.971,1947.797,True
Wa2,09-24 AM,61,634.0,1469.0,1444.53,2.805,0.928,2873.406,False
Wa2,09-29 AM,60,666.0,1222.0,20000.0,0.018,0.608,358.997,False
Wa2,09-29 PM,58,1227.0,2139.0,3209.418,0.669,0.993,1865.285,True
Wa2,09-30 AM,61,720.0,1449.0,1735.94,1.406,0.972,1849.743,True
Wa2,09-30 PM,42,833.0,1354.0,1936.313,0.736,0.938,1116.616,True
Wa2,10-01 AM,39,671.0,1872.0,3175.617,1.046,0.996,2881.136,True
Wa2,10-02 AM,46,550.0,1698.0,2134.434,1.69,0.995,2897.529,True
