日期,時間,CO2,溫度,濕度
2026-09-18,11:57:50,484,24,43
2026-09-18,11:58:21,534,24,43
2026-09-18,11:58:51,460,24,43
2026-09-18,11:59:21,541,24,43
2026-09-18,11:59:51,550,24,42
2026-09-18,12:00:21,555,24,43
2026-09-18,12:00:51,552,24,46
2026-09-18,12:01:21,499,24,47
2026-09-18,12:01:51,561,24,47
2026-09-18,12:02:21,487,24,50
2026-09-18,12:02:51,542,24,51
2026-09-18,12:03:21,429,24,51
2026-09-18,12:03:51,308,24,50
2026-09-18,12:04:21,469,24,49
2026-09-18,12:04:51,548,24,49
2026-09-18,12:05:21,560,24,48
2026-09-18,12:05:51,503,24,48
2026-09-18,12:06:22,513,24,47
2026-09-18,12:06:52,522,24,47
2026-09-18,13:42:00,653,29,73
2026-09-18,13:42:31,731,30,73
2026-09-18,13:43:01,735,30,71
2026-09-18,13:43:31,695,30,70
2026-09-18,13:44:01,692,30,71
2026-09-18,13:44:31,694,30,69
2026-09-18,13:45:01,945,31,70
2026-09-18,13:45:31,1168,31,70
2026-09-18,13:46:01,1335,31,69
2026-09-18,13:46:31,1146,31,69
2026-09-18,13:47:01,1133,31,68
2026-09-18,13:47:31,904,31,67
2026-09-18,13:48:01,764,31,67
2026-09-18,13:48:31,979,31,68
2026-09-18,13:49:01,1187,31,67
2026-09-18,13:49:31,936,31,67
2026-09-18,13:50:01,847,31,67
2026-09-18,13:50:31,754,31,67
2026-09-18,13:51:01,1111,31,67
2026-09-18,13:51:31,898,31,66
2026-09-18,13:52:01,618,31,66
2026-09-18,13:52:31,550,31,66
2026-09-18,13:53:01,556,31,66
2026-09-18,13:53:31,563,31,66
2026-09-18,13:54:02,562,31,65
2026-09-18,13:54:32,568,32,66
2026-09-18,13:55:02,577,31,65
2026-09-18,13:55:32,711,32,66
2026-09-18,13:56:02,661,32,65
2026-09-18,13:56:32,573,32,65
2026-09-18,13:57:02,573,32,65
2026-09-18,13:57:32,620,32,65
2026-09-18,13:58:02,678,32,65
2026-09-18,13:58:32,643,32,65
2026-09-18,13:59:02,573,32,65
2026-09-18,13:59:32,567,32,65
2026-09-18,14:00:02,561,32,65
2026-09-18,14:00:32,561,32,65
2026-09-18,14:01:02,568,32,65
2026-09-18,14:01:32,566,32,65
2026-09-18,14:02:02,553,32,65
2026-09-18,14:02:32,566,32,65
2026-09-18,14:03:03,633,32,65
2026-09-18,14:03:33,632,32,65
2026-09-18,14:04:03,618,32,65
2026-09-18,14:04:33,592,32,65
2026-09-18,14:05:03,580,32,65
2026-09-18,14:05:33,571,32,65
2026-09-18,14:06:03,556,32,65
2026-09-18,14:06:33,550,32,65
2026-09-18,14:07:03,549,32,65
2026-09-18,14:07:33,551,32,65
2026-09-20,8:25:20,582,29,70
2026-09-20,8:25:50,560,29,69
2026-09-20,8:26:20,553,29,68
2026-09-20,8:26:50,551,29,67
2026-09-20,8:27:20,548,30,66
2026-09-20,8:27:50,547,30,66
2026-09-20,8:28:20,596,30,66
2026-09-20,8:28:51,642,30,66
2026-09-20,8:29:21,563,30,66
2026-09-20,8:29:51,695,30,65
2026-09-20,8:30:21,622,30,65
2026-09-20,8:30:51,738,30,65
2026-09-20,8:31:21,820,30,65
2026-09-20,8:31:51,1039,30,66
2026-09-20,8:32:21,828,30,65
2026-09-20,8:32:51,768,30,65
2026-09-20,8:33:21,889,31,65
2026-09-20,8:33:51,689,31,64
2026-09-20,8:34:21,602,31,64
2026-09-20,8:34:51,581,30,64
2026-09-20,8:35:21,571,30,64
2026-09-20,8:35:51,566,30,64
2026-09-20,8:36:21,565,30,64
2026-09-21,8:18:00,878,30,70
2026-09-21,8:18:30,902,30,68
2026-09-21,8:19:00,896,30,68
2026-09-21,8:19:30,812,30,67
2026-09-21,8:20:00,759,30,67
2026-09-21,8:20:31,785,30,67
2026-09-21,8:21:01,799,30,66
2026-09-21,8:21:31,792,30,66
2026-09-21,8:22:01,775,31,66
2026-09-21,8:22:31,751,31,66
2026-09-21,8:23:01,740,31,66
2026-09-21,8:23:31,736,31,66
2026-09-21,8:24:01,737,31,66
2026-09-21,8:24:31,738,31,66
2026-09-21,8:25:01,822,31,66
2026-09-21,8:25:31,805,31,65
2026-09-21,8:26:01,806,31,66
2026-09-21,8:26:31,798,31,65
2026-09-21,8:27:01,759,31,65
2026-09-21,8:27:31,761,31,65
2026-09-21,8:28:01,781,31,65
2026-09-21,8:28:31,785,31,65
2026-09-21,8:29:01,774,31,66
2026-09-21,8:29:31,855,31,65
2026-09-21,8:30:01,785,31,65
2026-09-21,8:30:31,743,31,65
2026-09-21,8:32:53,619,31,66
2026-09-21,8:33:23,673,31,66
2026-09-21,8:33:53,747,31,65
2026-09-21,8:34:23,709,31,65
2026-09-21,8:34:53,597,31,65
2026-09-21,8:35:23,599,31,65
2026-09-21,8:35:54,627,31,65
2026-09-21,8:36:24,891,31,65
2026-09-21,8:36:54,717,31,65
2026-09-21,8:37:24,694,31,65
2026-09-21,8:37:54,685,31,64
2026-09-21,8:38:24,669,31,64
2026-09-21,8:38:54,650,31,64
2026-09-21,8:39:24,696,31,64
2026-09-21,8:39:54,723,31,64
2026-09-21,8:40:24,757,31,64
2026-09-21,8:40:54,678,31,64
2026-09-21,8:41:24,671,31,64
2026-09-21,8:41:54,708,31,64
2026-09-21,8:42:24,660,31,64
2026-09-21,8:42:54,785,31,64
2026-09-21,8:43:24,643,31,64
2026-09-21,8:43:54,596,31,64
2026-09-21,8:44:24,598,31,64
2026-09-21,8:44:54,594,31,64
2026-09-21,8:45:24,645,31,64
2026-09-21,8:45:54,601,31,64
2026-09-21,8:46:24,593,31,64
2026-09-21,8:46:54,573,31,64
2026-09-21,8:47:24,640,31,64
2026-09-21,8:47:54,618,31,64
2026-09-21,8:48:24,632,31,64
2026-09-21,8:48:55,617,31,64
2026-09-21,8:49:24,665,31,64
2026-09-21,8:49:55,638,31,64
2026-09-21,8:50:25,660,31,64
2026-09-21,8:50:55,754,31,64
2026-09-21,8:51:25,762,31,63
2026-09-21,8:51:55,655,31,63
2026-09-21,8:52:25,578,31,63
2026-09-21,8:52:55,558,31,63
2026-09-21,8:53:25,554,31,63
2026-09-21,8:53:55,554,31,63
2026-09-21,8:54:25,554,31,63
2026-09-21,8:54:55,558,31,63
2026-09-21,8:55:25,556,31,63
2026-09-21,8:55:55,558,31,63
2026-09-21,8:56:25,554,31,63
2026-09-21,8:56:55,552,31,63
2026-09-21,8:57:25,524,31,63
2026-09-21,9:00:33,658,30.7,63.3
2026-09-21,9:01:03,724,30.8,63.2
2026-09-21,9:01:33,707,30.7,62.8
2026-09-21,9:02:03,652,30.6,63.3
2026-09-21,9:02:33,959,30.6,61.9
2026-09-21,9:03:03,764,30.8,60.3
2026-09-21,9:03:33,703,30.8,59.8
2026-09-21,9:04:03,676,30.9,59.8
2026-09-21,9:04:33,664,30.9,59.8
2026-09-21,9:05:03,668,30.9,60.1
2026-09-21,9:05:33,669,31,60.1
2026-09-21,9:06:03,676,31,60
2026-09-21,9:06:33,679,31,59.9
2026-09-21,9:07:04,682,31,60.1
2026-09-21,9:07:34,684,31,60.2
2026-09-21,9:08:04,688,31,60.1
2026-09-21,9:08:34,681,30.9,60.1
2026-09-21,9:09:04,672,30.9,60.4
2026-09-21,9:09:34,677,30.9,60.6
2026-09-21,9:10:04,685,30.9,60.6
2026-09-21,9:10:34,688,30.9,60.7
2026-09-21,9:11:04,688,30.8,60.7
2026-09-21,9:11:34,679,30.9,60.5
2026-09-21,9:12:04,677,30.9,60.8
2026-09-21,9:12:34,678,30.9,60.8
2026-09-21,9:13:04,682,30.9,60.8
2026-09-21,9:13:34,681,30.9,60.8
2026-09-21,9:14:04,680,30.9,60.7
2026-09-21,9:14:34,680,30.8,60.9
2026-09-21,9:15:04,679,30.9,60.9
2026-09-21,9:15:34,677,30.9,61
2026-09-21,9:16:04,679,30.9,61
2026-09-21,9:16:34,683,30.9,61.1
2026-09-21,9:17:04,688,30.9,61.1
2026-09-21,9:17:34,691,31,61.1
2026-09-21,9:18:04,692,31,61.2
2026-09-21,9:18:35,695,31,61.3
2026-09-21,9:19:05,696,30.9,61.3
2026-09-21,9:19:35,700,30.9,61.5
2026-09-21,9:20:05,703,30.9,61.6
2026-09-21,9:20:35,705,31,61.6
2026-09-21,9:21:05,710,31,61.6
2026-09-21,9:21:35,709,31,61.7
2026-09-21,9:22:05,710,31,61.7
2026-09-21,9:22:35,713,31,61.9
2026-09-21,10:12:29,984,29.9,57.5
2026-09-21,10:12:59,968,29.9,57.2
2026-09-21,10:13:29,965,29.9,57
2026-09-21,10:13:59,965,29.9,56.8
2026-09-21,10:14:29,971,29.9,56.7
2026-09-21,10:17:29,1033,29.9,56.4
2026-09-21,10:18:29,1060,30,56.6
2026-09-21,10:20:59,1089,30,56.4
2026-09-21,10:23:00,1146,30,56.6
2026-09-21,10:31:13,1331,30.2,55.5
2026-09-21,10:32:43,1410,30.2,55.1
2026-09-21,10:33:44,1423,30.3,54.8
2026-09-21,10:34:14,1425,30.3,54.7
2026-09-21,10:34:44,1429,30.3,54.6
2026-09-21,10:35:14,1433,30.4,54.6
2026-09-21,10:35:44,1444,30.4,54.6
2026-09-21,10:36:14,1449,30.4,54.5
2026-09-21,10:36:44,1450,30.4,54.4
2026-09-21,10:40:45,1517,30.3,54.2
2026-09-21,10:42:40,1570,30.4,53.8
2026-09-21,10:43:10,1587,30.3,53.6
2026-09-21,10:43:40,1591,30.4,53.6
2026-09-21,10:44:10,1602,30.4,53.7
2026-09-21,10:44:40,1611,30.4,53.5
2026-09-21,10:54:41,1735,30.3,53.6
2026-09-21,10:55:11,1555,27.3,48.4
2026-09-21,10:56:11,1705,30.4,53.7
2026-09-21,10:56:41,1702,30.4,53.7
2026-09-21,11:07:48,1810,30.5,52.5
2026-09-21,11:08:18,1821,30.5,52.5
2026-09-21,11:09:26,1873,30.5,53.2
2026-09-21,11:09:56,1883,30.6,52.9
2026-09-21,11:10:26,1896,30.6,52.5
2026-09-21,11:10:56,1906,30.5,52.6
2026-09-21,11:11:26,1915,30.5,52.9
2026-09-21,11:11:56,1923,30.5,52.8
2026-09-21,11:12:26,1944,30.4,52.8
2026-09-21,11:12:56,1952,30.5,52.7
2026-09-21,11:13:26,1959,30.5,52.8
2026-09-21,11:13:57,1973,30.5,53
2026-09-21,11:14:27,1992,30.5,52.8
2026-09-21,11:14:57,2005,30.5,52.8
2026-09-21,11:15:27,2007,30.6,52.5
2026-09-21,11:15:57,2007,30.6,52.4
2026-09-21,11:16:27,1996,30.6,52.3
2026-09-21,11:16:57,1992,30.6,52.5
2026-09-21,11:17:27,1991,30.6,52.2
2026-09-21,11:17:57,1995,30.5,51.9
2026-09-21,11:18:27,1994,30.6,52
2026-09-21,11:18:57,1996,30.6,51.8
2026-09-21,11:19:27,1998,30.6,51.9
2026-09-21,11:19:57,2009,30.6,52.2
2026-09-21,11:20:27,2019,30.4,52.8
2026-09-21,11:20:57,2005,30.5,52.7
2026-09-21,11:21:27,2004,30.6,52.5
2026-09-21,11:21:57,2002,30.6,52.6
2026-09-21,11:22:27,2004,30.6,52.6
2026-09-21,11:22:58,2004,30.5,52.5
2026-09-21,11:23:28,2002,30.6,52.5
2026-09-21,11:23:58,2010,30.6,52.4
2026-09-21,11:24:28,2022,30.6,52.4
2026-09-21,11:24:58,2028,30.6,52.3
2026-09-21,11:25:28,2035,30.6,52.3
2026-09-21,11:25:58,2043,30.6,52.2
2026-09-21,13:35:58,2823,27.9,63.8
2026-09-21,13:36:28,1872,27.9,60.2
2026-09-21,13:36:58,2615,28.1,59.6
2026-09-21,13:37:28,2638,28.1,59.8
2026-09-21,13:37:58,2769,28.2,60.4
2026-09-21,13:46:45,2353,28.3,59.7
2026-09-21,13:47:16,2460,28.4,57.4
2026-09-21,13:47:46,2327,28.5,56.8
2026-09-21,13:48:16,2256,28.7,55.8
2026-09-21,13:48:46,2222,28.8,55.5
2026-09-21,13:49:16,2213,28.9,55.2
2026-09-21,13:49:46,2204,28.9,54.8
2026-09-21,13:50:16,2202,29,54.8
2026-09-21,13:50:46,2207,29,54.6
2026-09-21,13:51:16,2205,29,54.5
2026-09-21,13:51:46,2203,29,54.4
2026-09-21,13:52:16,2198,29.1,54.3
2026-09-21,13:52:46,2195,29.1,54.1
2026-09-21,13:53:16,2192,29.2,53.9
2026-09-21,13:53:46,2191,29.2,53.8
2026-09-21,13:54:16,2189,29.2,53.7
2026-09-21,13:54:46,2186,29.2,53.6
2026-09-21,13:55:16,2187,29.2,53.6
2026-09-21,13:55:46,2190,29.2,53.6
2026-09-21,13:56:16,2192,29.2,53.5
2026-09-21,13:56:46,2190,29.2,53.6
2026-09-21,13:57:16,2194,29.1,53.6
2026-09-21,13:57:46,2190,29.1,53.7
2026-09-21,13:58:17,2183,29.1,53.8
2026-09-21,13:58:47,2192,29.1,54
2026-09-21,13:59:17,2199,29.1,54.3
2026-09-21,13:59:47,2029,29.2,54.6
2026-09-21,14:00:17,2198,29.1,55.2
2026-09-21,14:00:47,2199,29.1,55.1
2026-09-21,14:01:17,2177,29.2,55.3
2026-09-21,14:01:47,2171,29.2,55.4
2026-09-21,14:02:17,2174,29.2,55.5
2026-09-21,14:02:47,2177,29.2,55.5
2026-09-21,14:03:17,2177,29.2,55.6
2026-09-21,14:03:47,2180,29.2,55.8
2026-09-21,14:04:17,2179,29.2,55.9
2026-09-21,14:04:47,2178,29.2,56.1
2026-09-21,14:05:18,2178,29.3,56.1
2026-09-21,14:05:48,2180,29.3,56.3
2026-09-21,14:06:18,2185,29.3,56.1
2026-09-21,14:06:48,2189,29.3,56.4
2026-09-21,14:07:18,2194,29.3,56.4
2026-09-21,14:07:48,2199,29.4,56.5
2026-09-21,14:08:18,2203,29.3,56.5
2026-09-21,14:08:48,2207,29.3,56.8
2026-09-21,14:09:18,2220,29.4,56.8
2026-09-21,14:09:48,2221,29.4,56.8
2026-09-21,14:10:18,2236,29.3,57.4
2026-09-21,14:10:48,2234,29.3,57.7
2026-09-21,14:11:18,2237,29.3,57.9
2026-09-21,14:11:48,2218,29.3,57.9
2026-09-21,14:12:18,2177,29.4,57.8
2026-09-21,14:12:48,2181,29.3,57.9
2026-09-21,14:13:18,2193,29.3,58.1
2026-09-21,14:13:48,2190,29.3,58.3
2026-09-21,14:14:18,2180,29.3,58.1
2026-09-21,14:14:49,2166,29.4,57.8
2026-09-21,14:15:19,2152,29.5,57.7
2026-09-21,14:15:49,2153,29.5,57.6
2026-09-21,14:16:19,2158,29.5,57.8
2026-09-21,14:16:49,2166,29.5,58
2026-09-21,14:17:19,2172,29.5,58.1
2026-09-21,14:17:49,2170,29.5,58
2026-09-21,14:18:19,2168,29.6,57.7
2026-09-21,14:18:49,2166,29.6,57.4
2026-09-21,14:19:19,2164,29.6,57.3
2026-09-21,14:19:49,2161,29.6,57.2
2026-09-21,14:20:19,2158,29.7,57.2
2026-09-21,14:20:49,2163,29.7,57.2
2026-09-21,14:21:19,2165,29.6,56.8
2026-09-21,14:21:49,2168,29.7,56.9
2026-09-21,14:22:19,2173,29.7,56.6
2026-09-21,14:22:49,2184,29.7,56.6
2026-09-21,14:23:20,2193,29.7,56.6
2026-09-21,14:23:50,2206,29.7,56.4
2026-09-21,14:24:20,2221,29.8,56.3
2026-09-21,14:24:50,2225,29.8,56.1
2026-09-21,14:25:20,2230,29.8,56
2026-09-21,14:25:50,2242,29.8,55.9
2026-09-21,14:26:20,2254,29.7,56
2026-09-21,14:26:50,2280,29.7,56.3
2026-09-21,14:27:20,2341,29.8,56
2026-09-21,14:27:50,2315,29.8,55.6
2026-09-21,14:28:20,2304,29.8,55.4
2026-09-21,14:28:50,2307,29.8,55.5
2026-09-21,14:29:20,2307,29.8,55.3
2026-09-21,14:29:50,2311,29.9,55.3
2026-09-21,14:30:20,2318,29.9,55.1
2026-09-21,14:30:50,2326,29.8,54.9
2026-09-21,14:31:20,2332,29.8,54.9
2026-09-21,14:31:50,2334,29.8,54.8
2026-09-21,14:32:20,2343,29.8,54.3
2026-09-21,14:32:50,2349,29.7,54.1
2026-09-21,14:33:20,2351,29.8,53.9
2026-09-21,14:33:51,2355,29.8,53.5
2026-09-21,14:34:21,2360,29.7,53.2
2026-09-21,14:34:51,2359,29.7,53.2
2026-09-21,14:35:21,2363,29.7,53
2026-09-21,14:35:51,2365,29.7,53.1
2026-09-21,14:36:21,2368,29.7,53
2026-09-21,14:36:51,2378,29.7,53.1
2026-09-21,14:37:21,2378,29.6,53.1
2026-09-21,14:37:51,2378,29.6,53.1
2026-09-21,14:38:21,2378,29.6,53.2
2026-09-21,14:38:51,2379,29.5,53.5
2026-09-21,14:39:21,2381,29.5,53.2
2026-09-21,14:39:51,2382,29.5,53.2
2026-09-21,14:40:21,2379,29.6,53
2026-09-21,14:40:51,2382,29.6,53.2
2026-09-21,14:41:21,2384,29.6,53
2026-09-21,14:41:51,2398,29.6,53.1
2026-09-21,14:42:21,2406,29.5,53.2
2026-09-21,14:42:51,2410,29.5,53.2
2026-09-21,14:43:21,2413,29.5,53.2
2026-09-21,14:43:51,2413,29.5,53.2
2026-09-21,14:44:21,2415,29.4,53.2
2026-09-21,14:44:51,2421,29.4,53.3
2026-09-21,14:45:22,2425,29.4,53.3
2026-09-21,14:45:52,2442,29.3,53.4
2026-09-21,14:46:22,2439,29.4,53.3
2026-09-21,14:46:52,2436,29.3,53.4
2026-09-21,14:47:22,2439,29.4,53.2
2026-09-21,14:47:52,2440,29.4,53.2
2026-09-21,14:48:22,2443,29.4,53.1
2026-09-21,14:48:52,2446,29.3,53.2
2026-09-21,14:49:22,2445,29.3,53.3
2026-09-21,14:49:52,2446,29.3,53.2
2026-09-21,14:50:22,2448,29.3,53.2
2026-09-21,14:50:52,2447,29.3,53.2
2026-09-21,14:51:22,2457,29.3,53.3
2026-09-21,14:51:52,2474,29.2,53.4
2026-09-21,14:52:22,2483,29.2,53.4
2026-09-21,14:52:52,2478,29.2,53.5
2026-09-21,14:53:22,2465,29.2,53.7
2026-09-21,14:53:52,2466,29.2,54
2026-09-21,14:54:22,2469,29.3,54.3
2026-09-21,14:54:52,2476,29.4,54.5
2026-09-21,14:55:22,2485,29.4,54.7
2026-09-21,14:55:53,2491,29.4,54.8
2026-09-21,14:56:23,2493,29.4,55
2026-09-21,14:56:53,2493,29.4,55.2
2026-09-21,14:57:23,2498,29.4,55.2
2026-09-21,14:57:53,2505,29.4,55.4
2026-09-21,14:58:23,2510,29.5,55.4
2026-09-21,14:58:53,2512,29.5,55.5
2026-09-21,14:59:23,2517,29.5,55.4
2026-09-21,14:59:53,2519,29.6,55.4
2026-09-21,15:00:23,2523,29.6,55.7
2026-09-21,15:00:53,2529,29.5,55.5
2026-09-21,15:01:23,2539,29.5,55.9
2026-09-21,15:01:53,2554,29.5,56
2026-09-21,15:02:23,2545,29.5,56.1
2026-09-21,15:02:53,2554,29.5,56.4
2026-09-21,15:03:23,2560,29.5,56.6
2026-09-21,15:03:53,2567,29.5,56.7
2026-09-21,15:04:23,2570,29.4,56.7
2026-09-21,15:04:53,2568,29.5,56.7
2026-09-21,15:05:23,2567,29.5,56.7
2026-09-21,15:05:53,2576,29.5,57.2
2026-09-21,15:06:23,2752,29.5,58.4
2026-09-22,8:28:00,1189,28.3,74.3
2026-09-22,8:28:30,728,28.5,70.6
2026-09-22,8:29:00,657,28.7,69.9
2026-09-22,8:29:30,630,28.9,68.7
2026-09-22,8:30:00,612,28.9,68.2
2026-09-22,8:30:30,595,29,68.4
2026-09-22,8:31:00,592,29.1,68.2
2026-09-22,8:31:30,598,29.2,68.3
2026-09-22,8:32:00,609,29.3,68.1
2026-09-22,8:32:30,619,29.3,67.6
2026-09-22,8:33:00,615,29.3,67.1
2026-09-22,8:33:30,608,29.3,67
2026-09-22,8:34:00,604,29.5,67.1
2026-09-22,8:34:30,608,29.5,67.2
2026-09-22,8:35:00,614,29.6,67
2026-09-22,8:35:31,621,29.6,67.3
2026-09-22,8:36:01,625,29.5,66.5
2026-09-22,8:36:31,620,29.6,66.4
2026-09-22,8:37:01,621,29.6,66.2
2026-09-22,8:37:31,616,29.4,66
2026-09-22,8:38:01,606,29.5,65.9
2026-09-22,8:38:31,598,29.6,65.8
2026-09-22,8:39:01,592,29.6,65.8
2026-09-22,8:39:31,594,29.6,66
2026-09-22,8:40:01,596,29.6,65.8
2026-09-22,8:40:31,599,29.7,65.7
2026-09-22,8:41:01,600,29.7,65.6
2026-09-22,8:41:31,602,29.7,65.5
2026-09-22,8:42:01,594,29.6,65
2026-09-22,8:42:31,570,29.5,65.4
2026-09-22,8:43:01,557,29.6,65.3
2026-09-22,8:43:31,559,29.6,64.9
2026-09-22,8:44:01,558,29.5,65
2026-09-22,8:44:31,555,29.6,64.9
2026-09-22,8:45:01,558,29.7,65.2
2026-09-22,8:45:31,579,29.8,65.4
2026-09-22,8:46:01,597,29.8,65.4
2026-09-22,8:46:31,603,29.8,65.1
2026-09-22,8:47:01,600,29.5,64.7
2026-09-22,8:47:32,568,29.6,64.9
2026-09-22,8:48:02,554,29.6,64.9
2026-09-22,8:48:32,558,29.8,65.3
2026-09-22,8:49:02,575,29.8,65.1
2026-09-22,8:49:32,587,29.9,65.1
2026-09-22,8:50:02,595,29.8,64.8
2026-09-22,8:50:32,594,29.8,64.7
2026-09-22,8:51:02,587,29.8,64.5
2026-09-22,8:51:32,583,29.6,64.3
2026-09-22,8:52:02,573,29.5,64.3
2026-09-22,8:52:32,564,29.6,64.5
2026-09-22,8:53:02,563,29.7,64.5
2026-09-22,8:53:32,570,29.9,64.8
2026-09-22,8:54:02,597,30,64.6
2026-09-22,8:54:32,604,29.9,64
2026-09-22,8:55:02,590,29.9,63.2
2026-09-22,8:55:32,568,29.9,63.2
2026-09-22,8:56:02,563,29.9,63.2
2026-09-22,8:56:32,565,30,63.5
2026-09-22,8:57:02,589,30.1,63.8
2026-09-22,8:57:32,591,30.1,63.2
2026-09-22,8:58:02,588,30,62.4
2026-09-22,8:58:32,577,29.9,62.2
2026-09-22,8:59:02,555,30,62
2026-09-22,8:59:32,549,29.9,62.1
2026-09-22,9:00:03,547,30,62.3
2026-09-22,9:00:33,550,30.1,62.2
2026-09-22,9:01:03,553,30,61.9
2026-09-22,9:01:33,553,30.1,62
2026-09-22,9:02:03,558,30.2,62.2
2026-09-22,9:02:33,563,30.1,61.8
2026-09-22,9:03:03,563,30.1,61.8
2026-09-22,9:03:33,558,30,61.8
2026-09-22,9:04:03,551,29.6,61.9
2026-09-22,9:04:33,529,29.7,62.4
2026-09-22,9:05:03,526,29.9,61.9
2026-09-22,9:05:33,529,29.9,61.2
2026-09-22,9:06:03,526,29.8,61.4
2026-09-22,9:06:33,521,30,61.5
2026-09-22,9:07:03,526,30.1,61.7
2026-09-22,9:07:33,567,30.1,61.9
2026-09-22,9:08:03,578,30,61.3
2026-09-22,9:08:33,561,29.9,60.9
2026-09-22,9:09:03,545,29.9,60.8
2026-09-22,9:09:33,542,30,61
2026-09-22,9:10:03,554,30,61.8
2026-09-22,9:10:34,610,30.1,61.6
2026-09-22,9:11:04,608,30.2,61.3
2026-09-22,9:11:34,603,30.2,60.8
2026-09-22,9:12:04,595,30,60.5
2026-09-22,9:12:34,560,30,60.8
2026-09-22,9:13:04,539,30.1,60.7
2026-09-22,9:13:34,537,30.2,60.7
2026-09-22,9:14:04,547,30.3,60.6
2026-09-22,9:14:34,554,30.3,60.7
2026-09-22,9:15:04,565,30.3,60.9
2026-09-22,9:15:34,568,30.3,60.4
2026-09-22,9:16:04,568,30.3,60.4
2026-09-22,9:16:34,570,30.4,60.6
2026-09-22,9:17:04,572,30.4,60.4
2026-09-22,9:17:34,571,30.4,60.6
2026-09-22,9:18:04,577,30.5,61.1
2026-09-22,9:18:34,591,30.5,60.8
2026-09-22,9:19:04,593,30.5,60.7
2026-09-22,9:19:34,601,30.5,60.9
2026-09-22,9:20:04,605,30.5,60.6
2026-09-22,9:20:34,600,30.5,60.5
2026-09-22,9:21:04,594,30.6,60.5
2026-09-22,9:21:34,594,30.5,60.5
2026-09-22,9:22:04,589,30.5,60.4
2026-09-22,9:22:34,586,30.5,60.7
2026-09-22,9:23:04,589,30.6,60.7
2026-09-22,9:23:35,594,30.6,60.9
2026-09-22,9:24:05,593,30.6,60.5
2026-09-22,9:24:35,591,30.6,60.7
2026-09-22,9:25:05,587,30.6,60.7
2026-09-22,9:25:35,589,30.7,61
2026-09-22,9:26:05,592,30.6,60.6
2026-09-22,9:26:35,579,30.4,60.5
2026-09-22,9:27:05,536,30.4,60.8
2026-09-22,9:27:35,545,30.2,60.5
2026-09-22,9:28:05,539,30.1,60.9
2026-09-22,9:28:35,540,30.3,60.7
2026-09-22,9:29:05,547,30.4,60.9
2026-09-22,9:29:35,562,30.5,60.9
2026-09-22,9:30:05,583,30.6,60.8
2026-09-22,9:30:35,594,30.7,60.5
2026-09-22,9:31:05,603,30.7,60.8
2026-09-22,9:31:35,609,30.7,60.5
2026-09-22,9:32:05,609,30.7,60.4
2026-09-22,9:32:35,606,30.7,59.4
2026-09-22,9:33:05,594,30.7,59.3
2026-09-22,9:33:35,585,30.7,59.5
2026-09-22,9:34:05,583,30.7,59.9
2026-09-22,9:34:35,589,30.5,59.5
2026-09-22,9:35:06,588,30.7,59.2
2026-09-22,9:35:36,581,30.7,58.6
2026-09-22,9:36:06,577,30.8,58.7
2026-09-22,9:36:36,580,30.8,59.2
2026-09-22,9:37:06,586,30.9,59.3
2026-09-22,9:37:36,589,30.9,58.6
2026-09-22,9:38:06,589,30.8,57.8
2026-09-22,9:38:36,588,30.9,58.1
2026-09-22,9:39:06,590,30.8,57.5
2026-09-22,9:39:36,578,30.7,57.8
2026-09-22,13:15:56,1071,30.6,49.6
2026-09-22,13:16:26,603,30.8,44.3
2026-09-22,13:16:56,516,31,43.8
2026-09-22,13:17:26,508,31.1,43.5
2026-09-22,13:17:56,509,31.3,43.6
2026-09-22,13:18:26,508,31.3,42.7
2026-09-22,13:18:56,503,31.3,43
2026-09-22,13:19:27,503,31.4,43.4
2026-09-22,13:19:57,504,31.4,42.6
2026-09-22,13:20:27,503,31.6,43.4
2026-09-22,13:20:57,508,31.6,43.6
2026-09-22,13:21:27,513,31.6,42.5
2026-09-22,13:21:57,510,31.6,42.1
2026-09-22,13:22:27,507,31.7,42.1
2026-09-22,13:22:57,503,31.7,42.3
2026-09-22,13:23:27,503,31.8,41.7
2026-09-22,13:23:57,507,31.8,42.4
2026-09-22,13:24:27,512,31.8,42.8
2026-09-22,13:24:57,525,31.8,43
2026-09-22,13:25:27,558,31.7,43.4
2026-09-22,13:25:57,586,31.6,43.5
2026-09-22,13:26:27,613,31.5,43.3
2026-09-22,13:26:57,651,31.5,43.2
2026-09-22,13:27:27,677,31.3,43.1
2026-09-22,13:27:57,691,31.2,42.7
2026-09-22,13:28:28,707,31.1,42.7
2026-09-22,13:28:58,718,30.9,43
2026-09-22,13:29:28,734,30.8,42.8
2026-09-22,13:29:58,751,30.7,42.6
2026-09-22,13:30:28,779,30.7,42.6
2026-09-22,13:30:58,804,30.4,43
2026-09-22,13:31:28,809,30.4,43.4
2026-09-22,13:31:58,800,30.5,43.2
2026-09-22,13:32:28,829,30.3,43.3
2026-09-22,13:32:58,888,30.1,43.8
2026-09-22,13:33:28,862,30,44.2
2026-09-22,13:33:58,864,30.1,44.1
2026-09-22,13:34:28,920,29.9,44.4
2026-09-22,13:34:58,943,29.8,44.9
2026-09-22,13:35:28,940,29.9,45
2026-09-22,13:35:58,942,29.9,45.2
2026-09-22,13:36:28,947,29.9,45.3
2026-09-22,13:36:58,956,29.9,45.5
2026-09-22,13:37:28,978,29.8,45.8
2026-09-22,13:37:58,989,29.8,46
2026-09-22,13:38:28,1013,29.8,46
2026-09-22,13:38:58,1045,29.8,46.2
2026-09-22,13:39:28,1049,29.7,46.4
2026-09-22,13:39:58,1045,29.8,46.6
2026-09-22,13:40:28,1045,29.8,46.5
2026-09-22,13:40:59,1063,29.7,46.7
2026-09-22,13:41:29,1083,29.8,46.7
2026-09-22,13:41:59,1096,29.8,46.8
2026-09-22,13:42:29,1113,29.8,46.8
2026-09-22,13:42:59,1142,29.7,47.1
2026-09-22,13:43:29,1145,29.7,47
2026-09-22,13:43:59,1157,29.8,47
2026-09-22,13:44:29,1165,29.8,46.9
2026-09-22,13:44:59,1196,29.7,47
2026-09-22,13:45:29,1213,29.7,47.1
2026-09-22,13:45:59,1215,29.7,47.1
2026-09-22,13:46:29,1224,29.7,47.1
2026-09-22,13:46:59,1238,29.7,47.2
2026-09-22,13:47:29,1253,29.8,47.1
2026-09-22,13:47:59,1272,29.7,47.3
2026-09-22,13:48:29,1284,29.7,47.4
2026-09-22,13:48:59,1291,29.6,47.5
2026-09-22,13:49:29,1299,29.7,47.6
2026-09-22,13:49:59,1310,29.6,47.7
2026-09-22,13:50:29,1322,29.6,47.7
2026-09-22,13:50:59,1353,29.5,47.9
2026-09-22,13:51:29,1355,29.5,48.1
2026-09-22,13:51:59,1357,29.5,47.9
2026-09-22,13:52:29,1366,29.6,48
2026-09-22,13:52:59,1374,29.6,48
2026-09-22,13:53:29,1387,29.6,48
2026-09-22,13:53:59,1406,29.6,48.1
2026-09-22,13:54:29,1417,29.6,48.2
2026-09-22,13:54:59,1429,29.5,48.3
2026-09-22,13:55:29,1433,29.5,48.3
2026-09-22,13:56:00,1440,29.5,48.4
2026-09-22,13:56:30,1455,29.6,48.4
2026-09-22,13:57:00,1455,29.6,48.5
2026-09-22,13:57:30,1464,29.6,48.4
2026-09-22,13:58:00,1473,29.6,48.3
2026-09-22,13:58:30,1483,29.6,48.4
2026-09-22,13:59:00,1530,29.5,48.5
2026-09-22,13:59:30,1519,29.5,48.3
2026-09-22,14:00:00,1547,29.4,48.6
2026-09-22,14:00:30,1555,29.3,48.9
2026-09-22,14:01:00,1557,29.4,48.7
2026-09-22,14:01:30,1574,29.3,49
2026-09-22,14:02:00,1584,29.3,49.1
2026-09-22,14:02:30,1604,29.3,49.2
2026-09-22,14:03:00,1644,29.1,49.5
2026-09-22,14:03:30,1651,29.1,49.6
2026-09-22,14:04:00,1646,29.2,49.5
2026-09-22,14:04:30,1650,29.1,49.4
2026-09-22,14:05:00,1652,29.2,49.1
2026-09-22,14:05:30,1665,29.3,48.8
2026-09-22,14:06:00,1673,29.3,48.6
2026-09-22,14:06:30,1679,29.4,48.5
2026-09-22,14:07:00,1691,29.4,48.9
2026-09-22,14:07:30,1701,29.4,50
2026-09-22,14:08:01,1705,29.5,50
2026-09-22,14:08:30,1729,29.5,50.6
2026-09-22,14:09:01,1776,29.5,51.2
2026-09-22,14:09:31,1780,29.5,51.2
2026-09-22,14:10:31,1775,29.6,51.5
2026-09-22,14:11:01,1782,29.6,51.6
2026-09-22,14:11:31,1786,29.6,51.4
2026-09-22,14:12:01,1781,29.6,50.8
2026-09-22,14:12:31,1751,29.6,50.8
2026-09-23,8:24:08,698,28.8,72.2
2026-09-23,8:24:38,675,29.1,70.9
2026-09-23,8:25:08,685,29.4,69.5
2026-09-23,8:25:38,688,29.5,69
2026-09-23,8:26:08,706,29.7,68.6
2026-09-23,8:26:38,709,29.8,68.2
2026-09-23,8:27:08,727,29.9,68.5
2026-09-23,8:27:38,733,30,67.7
2026-09-23,8:28:08,730,30.1,67.4
2026-09-23,8:28:38,721,30.2,67.2
2026-09-23,8:29:09,717,30.2,67.3
2026-09-23,8:29:39,716,30.1,67.5
2026-09-23,8:30:09,671,30.1,66.5
2026-09-23,8:30:39,648,30.2,67.1
2026-09-23,8:31:09,672,30,67.2
2026-09-23,8:31:39,670,30.1,67.4
2026-09-23,8:32:09,669,30.2,67
2026-09-23,8:32:39,669,30.1,66.6
2026-09-23,8:33:09,653,29.8,66.9
2026-09-23,8:33:39,630,29.9,67.2
2026-09-23,8:34:09,633,30,66.7
2026-09-23,8:34:39,635,30.1,66.7
2026-09-23,8:35:09,643,30.2,66.9
2026-09-23,8:35:39,651,30.2,66.6
2026-09-23,8:36:09,652,30.3,66.5
2026-09-23,8:36:39,656,30.3,66.9
2026-09-23,8:37:09,677,30.4,67
2026-09-23,8:37:39,700,30.4,66.7
2026-09-23,8:38:10,709,30.5,66.5
2026-09-23,8:38:40,710,30.5,66.5
2026-09-23,8:39:10,708,30.5,66.1
2026-09-23,8:39:40,700,30.2,65.8
2026-09-23,8:40:10,635,30.2,65.9
2026-09-23,8:40:40,644,30.3,66.2
2026-09-23,8:41:10,657,30.3,66.7
2026-09-23,8:41:40,660,30.3,66.6
2026-09-23,8:42:10,664,30.3,66.1
2026-09-23,8:42:40,671,30.3,66.1
2026-09-23,8:43:10,670,30.3,65.9
2026-09-23,8:43:40,664,30.1,65.4
2026-09-23,8:44:10,633,30.1,66
2026-09-23,8:44:40,634,30.2,65.8
2026-09-23,8:45:10,634,30.2,65.4
2026-09-23,8:45:40,635,30.2,65.4
2026-09-23,8:46:10,635,30.2,65
2026-09-23,8:46:40,623,30.2,64.7
2026-09-23,8:47:10,616,30.2,64.4
2026-09-23,8:47:40,609,30.3,64.8
2026-09-23,8:48:10,619,30.4,65
2026-09-23,8:48:40,655,30.4,64.9
2026-09-23,8:49:10,660,30.3,64.7
2026-09-23,8:49:40,645,30.4,64.6
2026-09-23,8:50:10,645,30.4,64.7
2026-09-23,8:50:41,658,30.4,64.7
2026-09-23,8:51:11,665,30.4,64.5
2026-09-23,8:51:41,662,30.2,64.2
2026-09-23,8:52:11,656,30.4,64.4
2026-09-23,8:52:41,655,30.4,64.2
2026-09-23,8:53:11,655,30.3,63.9
2026-09-23,8:53:41,638,30.1,64
2026-09-23,8:54:11,626,30.2,64.2
2026-09-23,8:54:41,630,30.2,64
2026-09-23,8:55:11,626,30.2,63.8
2026-09-23,8:55:41,625,30.1,63.4
2026-09-23,8:56:11,622,30.1,63.9
2026-09-23,8:56:41,615,30.2,64.1
2026-09-23,8:57:11,625,30.2,63.7
2026-09-23,8:57:41,632,30.3,63.9
2026-09-23,8:58:11,647,30.3,63.8
2026-09-23,8:58:41,650,30.2,63.4
2026-09-23,8:59:11,625,30,63.3
2026-09-23,8:59:41,591,30.2,63.6
2026-09-23,9:00:11,606,30.3,63.4
2026-09-23,9:00:41,617,30.4,63.4
2026-09-23,9:01:11,624,30.2,62.9
2026-09-23,9:01:42,619,30.4,63.2
2026-09-23,9:02:12,625,30.4,62.8
2026-09-23,9:02:42,636,30.5,62.9
2026-09-23,9:03:12,650,30.5,62.7
2026-09-23,9:03:42,650,30.4,62.3
2026-09-23,9:04:12,643,30.4,62.6
2026-09-23,9:04:42,632,30.4,62.4
2026-09-23,9:05:12,631,30.3,62.8
2026-09-23,9:05:42,630,30.4,62.6
2026-09-23,9:06:12,631,30.4,62.6
2026-09-23,9:06:42,629,30.3,62.8
2026-09-23,9:07:12,631,30.3,62.6
2026-09-23,9:07:42,625,30.2,62.4
2026-09-23,9:08:12,617,30.3,62.3
2026-09-23,9:08:42,619,30.4,62.3
2026-09-23,9:09:12,626,30.3,62.3
2026-09-23,9:09:42,614,30.3,62.2
2026-09-23,9:10:13,615,30.4,62.3
2026-09-23,9:10:43,623,30.5,62.5
2026-09-23,9:11:13,630,30.5,62.4
2026-09-23,9:11:43,636,30.6,62.2
2026-09-23,9:12:13,637,30.7,62.1
2026-09-23,9:12:43,644,30.7,62.4
2026-09-23,9:13:13,651,30.7,62.3
2026-09-23,9:13:43,656,30.8,62.2
2026-09-23,9:14:13,664,30.8,62
2026-09-23,9:14:43,662,30.7,62.1
2026-09-23,9:15:13,663,30.7,62.2
2026-09-23,9:15:43,666,30.7,62.3
2026-09-23,9:16:13,668,30.7,62.2
2026-09-23,9:16:43,666,30.8,61.7
2026-09-23,9:17:13,658,30.7,61.4
2026-09-23,9:17:43,647,30.8,61.4
2026-09-23,9:18:13,640,30.8,61.2
2026-09-23,9:18:43,634,30.7,61.4
2026-09-23,9:19:13,616,30.6,61.4
2026-09-23,9:19:43,602,30.7,61.9
2026-09-23,9:20:13,619,30.8,61.8
2026-09-23,9:20:43,629,30.8,61.9
2026-09-23,9:21:13,629,30.8,62
2026-09-23,9:21:44,627,30.6,62.2
2026-09-23,9:22:14,614,30.6,62.7
2026-09-23,9:22:44,616,30.7,62.5
2026-09-23,9:23:14,637,30.8,62.5
2026-09-23,9:23:44,654,30.9,62.4
2026-09-23,9:24:14,669,30.8,62.3
2026-09-23,9:24:44,669,30.9,62.4
2026-09-23,13:09:32,1022,27.4,65
2026-09-23,13:10:02,1024,27.7,63.7
2026-09-23,13:10:32,1022,27.9,63
2026-09-23,13:11:02,1022,28.1,62.9
2026-09-23,13:11:33,1026,28.2,62.5
2026-09-23,13:12:03,1018,28.4,62
2026-09-23,13:12:33,1020,28.5,61.7
2026-09-23,13:13:03,1027,28.6,61.5
2026-09-23,13:13:33,1024,28.7,61.6
2026-09-23,13:14:03,1022,28.7,61.6
2026-09-23,13:14:33,1020,28.8,61.5
2026-09-23,13:15:03,1019,28.8,61.2
2026-09-23,13:15:33,1011,28.8,61.1
2026-09-23,13:16:03,1006,28.8,61.2
2026-09-23,13:16:33,1016,28.8,61.1
2026-09-23,13:17:03,1039,28.8,61.3
2026-09-23,13:17:33,1043,28.9,61
2026-09-23,13:18:03,1042,28.9,61
2026-09-23,13:18:33,1049,29,60.9
2026-09-23,13:19:03,1054,29,60.9
2026-09-23,13:19:33,1058,29,60.8
2026-09-23,13:20:03,1088,29,60.8
2026-09-23,13:20:33,1148,29,60.9
2026-09-23,13:21:03,1141,29,60.8
2026-09-23,13:21:33,1149,29,60.6
2026-09-23,13:22:03,1197,29,60.6
2026-09-23,13:22:33,1211,29.1,60.5
2026-09-23,13:23:03,1204,29.1,60.3
2026-09-23,13:23:34,1208,29,60.4
2026-09-23,13:24:04,1199,29.1,60.3
2026-09-23,13:24:34,1192,29.1,60.1
2026-09-23,13:25:04,1195,29.2,59.8
2026-09-23,13:25:34,1226,29.1,59.8
2026-09-23,13:26:04,1252,29.1,59.7
2026-09-23,13:26:34,1258,29.2,59.6
2026-09-23,13:27:04,1260,29.2,59.6
2026-09-23,13:27:34,1264,29.2,59.5
2026-09-23,13:28:04,1282,29.1,59.6
2026-09-23,13:28:34,1278,29.1,59.6
2026-09-23,13:29:04,1277,29.1,59.4
2026-09-23,13:29:34,1284,29.2,59.3
2026-09-23,13:30:04,1305,29.2,59.3
2026-09-23,13:30:34,1316,29.2,59.1
2026-09-23,13:31:04,1314,29.2,59.1
2026-09-23,13:31:34,1322,29.2,59.1
2026-09-23,13:32:04,1323,29.2,58.9
2026-09-23,13:32:34,1323,29.3,58.7
2026-09-23,13:33:04,1331,29.3,58.4
2026-09-23,13:33:34,1345,29.3,58.4
2026-09-23,13:34:04,1361,29.2,58.6
2026-09-23,13:34:34,1370,29.2,58.5
2026-09-23,13:35:04,1374,29.2,58.5
2026-09-23,13:35:35,1376,29.3,58.3
2026-09-23,13:36:05,1377,29.3,58.3
2026-09-23,13:36:35,1377,29.3,58.4
2026-09-23,13:37:05,1375,29.3,58.2
2026-09-23,13:37:35,1381,29.2,58.3
2026-09-23,13:38:05,1393,29.3,58.3
2026-09-23,13:38:35,1406,29.2,58.4
2026-09-23,13:39:05,1411,29.3,58.2
2026-09-23,13:39:35,1416,29.2,58.2
2026-09-23,13:40:05,1429,29.3,58.1
2026-09-23,13:40:35,1466,29.3,58
2026-09-23,13:41:05,1486,29.2,58.1
2026-09-23,13:41:35,1478,29.3,58
2026-09-23,13:42:05,1476,29.2,58
2026-09-23,13:42:35,1477,29.3,58
2026-09-23,13:43:05,1475,29.3,57.9
2026-09-23,13:43:35,1473,29.4,57.7
2026-09-23,13:44:05,1476,29.3,57.8
2026-09-23,13:44:35,1469,29.4,57.5
2026-09-23,13:45:05,1473,29.4,57.5
2026-09-23,13:45:35,1470,29.4,57.6
2026-09-23,13:46:05,1470,29.4,57.5
2026-09-23,13:46:35,1482,29.4,57.6
2026-09-23,13:47:05,1494,29.4,57.6
2026-09-23,13:47:36,1521,29.3,57.7
2026-09-23,13:48:06,1539,29.3,57.8
2026-09-23,13:48:36,1549,29.3,57.8
2026-09-23,13:49:06,1557,29.3,57.7
2026-09-23,13:49:36,1557,29.4,57.7
2026-09-23,13:50:06,1565,29.3,57.8
2026-09-23,13:50:36,1573,29.3,57.8
2026-09-23,13:51:06,1567,29.3,57.8
2026-09-23,13:51:36,1569,29.3,57.7
2026-09-23,13:52:06,1567,29.3,57.7
2026-09-23,13:52:36,1571,29.4,57.5
2026-09-23,13:53:06,1584,29.4,57.4
2026-09-23,13:53:36,1594,29.4,57.4
2026-09-23,13:54:06,1604,29.4,57.4
2026-09-23,13:54:36,1611,29.3,57.6
2026-09-23,13:55:06,1606,29.4,57.4
2026-09-23,13:55:36,1616,29.4,57.3
2026-09-23,13:56:07,1613,29.4,57.2
2026-09-23,13:56:37,1626,29.4,57.2
2026-09-23,13:57:07,1634,29.4,57.2
2026-09-23,13:57:37,1635,29.4,57.4
2026-09-23,13:58:07,1631,29.3,57.4
2026-09-23,13:58:37,1625,29.4,57.5
2026-09-23,13:59:07,1617,29.4,57.4
2026-09-23,13:59:37,1616,29.4,57.5
2026-09-23,14:00:07,1628,29.4,57.4
2026-09-23,14:00:37,1627,29.4,57.3
2026-09-23,14:01:07,1642,29.4,57.3
2026-09-23,14:01:37,1649,29.4,57.6
2026-09-23,14:02:07,1657,29.5,58.1
2026-09-23,14:02:37,1658,29.4,59.3
2026-09-23,14:03:07,1655,29.5,59.8
2026-09-23,14:03:37,1653,29.5,60.3
2026-09-23,14:04:07,1646,29.6,60.3
2026-09-23,14:04:37,1651,29.6,60.6
2026-09-23,14:05:07,1649,29.6,60.5
2026-09-23,14:05:38,1656,29.6,60.9
2026-09-23,14:06:08,1658,29.6,61
2026-09-23,14:06:38,1660,29.6,61.1
2026-09-23,14:07:08,1666,29.6,61.3
2026-09-23,14:07:38,1673,29.6,61.4
2026-09-23,14:08:08,1677,29.6,61.6
2026-09-23,14:08:38,1683,29.7,61.3
2026-09-23,14:09:08,1691,29.7,61.2
2026-09-23,14:09:38,1698,29.7,61.3
2026-09-23,14:10:08,1707,29.8,61.5
2026-09-23,14:10:38,1720,29.8,61.4
2026-09-23,14:11:08,1730,29.8,61.4
2026-09-23,14:11:38,1747,29.8,61.4
2026-09-23,14:12:08,1746,29.9,61.6
2026-09-23,14:12:38,1731,29.9,61.9
2026-09-23,14:13:08,1701,29.8,62
2026-09-23,14:13:38,1689,29.8,62.3
2026-09-23,14:14:09,1681,29.9,62
2026-09-23,14:14:39,1672,30,62
2026-09-23,14:15:09,1649,30,62.3
2026-09-23,14:15:39,1567,30,62.6
2026-09-23,14:16:09,1476,30,62.7
2026-09-23,14:16:39,1364,30,62.9
2026-09-23,14:17:09,1326,30.1,62.6
2026-09-23,14:17:39,1296,30.1,62.4
2026-09-24,10:15:47,416,28.3,68.2
2026-09-24,10:16:17,899,28.6,67
2026-09-24,10:16:47,872,28.8,65.8
2026-09-24,10:17:17,870,29,65.1
2026-09-24,10:17:47,876,29,64.8
2026-09-24,10:18:17,885,29.1,64.8
2026-09-24,10:18:47,904,29.1,65
2026-09-24,10:19:17,925,29.1,64.9
2026-09-24,10:19:48,947,29.1,65.2
2026-09-24,10:20:18,991,28.9,65.6
2026-09-24,10:20:48,995,29,65.8
2026-09-24,10:21:18,997,29,65.5
2026-09-24,10:21:48,1018,28.9,65.7
2026-09-24,10:22:18,1023,28.8,65.7
2026-09-24,10:22:48,1034,28.8,66
2026-09-24,10:23:48,1100,28.9,65.9
2026-09-24,10:24:18,1122,28.9,66.1
2026-09-24,10:24:48,1141,28.8,66.7
2026-09-24,10:25:18,1142,28.8,66.4
2026-09-24,10:25:48,1144,28.8,66.3
2026-09-24,10:51:57,1610,28,70.1
2026-09-24,10:52:27,1566,28.2,64.2
2026-09-24,10:52:57,1487,28.5,63.2
2026-09-24,10:53:27,1464,28.7,62.4
2026-09-24,10:53:57,1463,28.7,62.6
2026-09-24,10:54:27,1448,28.8,62
2026-09-24,10:54:57,1446,28.9,61.9
2026-09-24,10:55:28,1455,28.9,61.8
2026-09-24,10:55:58,1461,28.9,61.6
2026-09-24,10:56:28,1461,29,61.3
2026-09-24,10:56:58,1461,29.1,61
2026-09-24,10:57:28,1460,29.2,60.9
2026-09-24,10:57:58,1459,29.2,60.7
2026-09-24,10:58:28,1456,29.3,60.6
2026-09-24,10:58:58,1459,29.3,60.5
2026-09-24,10:59:28,1463,29.3,60.4
2026-09-24,10:59:58,1468,29.2,60.4
2026-09-24,11:00:28,1469,29.1,60.7
2026-09-24,11:00:58,1467,29.2,60.4
2026-09-24,11:01:28,1467,29.2,60.4
2026-09-24,11:01:58,1470,29.1,60.5
2026-09-24,11:02:28,1476,29.1,60.6
2026-09-24,11:02:58,1473,29.1,60.6
2026-09-24,11:03:28,1476,29.1,60.6
2026-09-24,11:03:58,1485,29.1,60.4
2026-09-24,11:04:28,1487,29.2,60.4
2026-09-24,11:04:58,1491,29.2,60.3
2026-09-24,11:05:28,1492,29.2,60.1
2026-09-24,11:05:58,1503,29.2,60.2
2026-09-24,11:06:28,1511,29.2,60
2026-09-24,11:06:58,1517,29.2,60
2026-09-24,11:07:28,1518,29.2,60.2
2026-09-24,11:07:58,1523,29.3,60.2
2026-09-24,11:08:28,1532,29.4,60
2026-09-24,11:08:58,1541,29.4,60.1
2026-09-24,11:09:28,1547,29.4,60
2026-09-24,11:09:58,1550,29.4,59.8
2026-09-24,11:10:28,1553,29.5,59.6
2026-09-24,11:10:58,1558,29.4,59.6
2026-09-24,11:11:28,1561,29.5,59.5
2026-09-24,11:11:58,1567,29.5,59.4
2026-09-24,11:12:28,1580,29.3,59.5
2026-09-24,11:12:58,1605,29.2,59.7
2026-09-24,11:13:28,1592,29.1,60.2
2026-09-24,11:13:58,1557,29.2,59.8
2026-09-24,11:14:29,1560,29.2,59.7
2026-09-24,11:14:59,1560,29.3,59.5
2026-09-24,11:15:29,1563,29.3,59.4
2026-09-24,11:15:59,1564,29.2,59.5
2026-09-24,11:16:29,1561,29.3,59.4
2026-09-24,11:16:59,1557,29.3,59.3
2026-09-24,11:17:29,1560,29.3,59.2
2026-09-24,11:17:59,1560,29.3,59.3
2026-09-24,11:18:29,1556,29.4,59.2
2026-09-24,11:18:59,1556,29.4,59
2026-09-24,11:19:29,1571,29.4,59.4
2026-09-24,11:19:59,1579,29.4,59.2
2026-09-24,11:20:29,1595,29.3,59.3
2026-09-24,11:20:59,1592,29.2,59.5
2026-09-24,11:21:29,1587,29.2,59.5
2026-09-24,11:21:59,1589,29.2,59.5
2026-09-24,11:22:29,1592,29.3,59.3
2026-09-24,11:22:59,1597,29.3,59.2
2026-09-24,11:23:29,1607,29.3,59.3
2026-09-24,11:23:59,1611,29.4,59.2
2026-09-24,11:24:29,1611,29.4,59
2026-09-24,11:24:59,1612,29.4,58.9
2026-09-24,11:25:29,1612,29.4,58.9
2026-09-29,8:18:48,922,30.4,68.3
2026-09-29,8:19:18,726,30.7,67.6
2026-09-29,8:19:48,894,30.9,66.8
2026-09-29,8:20:18,896,31.2,66.1
2026-09-29,8:20:48,895,31.3,65.5
2026-09-29,8:21:18,899,31.4,65.3
2026-09-29,8:21:48,900,31.5,65
2026-09-29,8:22:18,901,31.6,64.8
2026-09-29,8:22:48,901,31.7,64.6
2026-09-29,8:23:18,905,31.7,64.3
2026-09-29,8:23:48,936,31.8,64.1
2026-09-29,8:24:18,929,31.8,64.1
2026-09-29,8:24:48,938,31.9,64.7
2026-09-29,8:25:18,956,31.9,65.2
2026-09-29,8:25:48,996,31.9,65
2026-09-29,8:26:18,998,31.8,65.7
2026-09-29,8:26:48,1013,31.9,65.4
2026-09-29,8:27:18,1014,31.9,65.4
2026-09-29,8:27:48,1013,32,64.8
2026-09-29,8:28:18,1009,31.9,64.6
2026-09-29,8:28:49,1000,31.9,64.2
2026-09-29,8:29:19,980,31.9,64.2
2026-09-29,8:29:49,961,31.9,64.4
2026-09-29,8:30:19,954,31.9,64.3
2026-09-29,8:30:49,951,32,64.5
2026-09-29,8:31:19,958,32,64.7
2026-09-29,8:31:49,961,32,64.5
2026-09-29,8:32:19,961,32.1,64.5
2026-09-29,8:32:49,961,32.2,64.2
2026-09-29,8:33:19,966,32.2,65
2026-09-29,8:33:49,975,32.2,64.2
2026-09-29,8:34:19,971,32.2,64.1
2026-09-29,8:34:49,969,32.2,63.7
2026-09-29,8:35:19,948,32.2,63
2026-09-29,8:35:49,921,32.3,63.1
2026-09-29,8:36:19,916,32.3,63.7
2026-09-29,8:36:49,927,32.3,63.7
2026-09-29,8:37:19,931,32.3,63.9
2026-09-29,8:37:49,943,32.3,64.5
2026-09-29,8:38:19,953,32.4,64.5
2026-09-29,8:38:49,974,32.4,64.8
2026-09-29,8:39:19,1003,32.4,64.5
2026-09-29,8:39:49,1002,32.4,64.2
2026-09-29,8:40:19,1001,32.4,64.5
2026-09-29,8:40:49,998,32.5,63.8
2026-09-29,8:41:19,987,32.5,63.7
2026-09-29,8:41:49,981,32.4,64
2026-09-29,8:42:19,983,32.4,63.9
2026-09-29,8:42:49,989,32.5,64.5
2026-09-29,8:43:19,1006,32.5,64.6
2026-09-29,8:43:50,1019,32.5,64.4
2026-09-29,8:44:20,1031,32.5,64.2
2026-09-29,8:44:50,1033,32.5,64
2026-09-29,8:45:20,1031,32.5,64
2026-09-29,8:45:50,1029,32.5,63.8
2026-09-29,8:46:20,1017,32.5,62.9
2026-09-29,8:46:50,968,32.5,62.4
2026-09-29,8:47:20,941,32.5,62.5
2026-09-29,8:47:50,930,32.5,62.3
2026-09-29,8:48:20,919,32.5,62.2
2026-09-29,8:48:50,880,32.5,62.7
2026-09-29,8:49:20,986,32.5,63.2
2026-09-29,8:49:50,994,32.5,63.1
2026-09-29,8:50:20,987,32.5,62.5
2026-09-29,8:50:50,942,32.6,62.1
2026-09-29,8:51:20,899,32.5,62.9
2026-09-29,8:51:50,883,32.5,63.1
2026-09-29,8:52:20,923,32.5,63.5
2026-09-29,8:52:50,914,32.5,63.9
2026-09-29,8:53:20,1038,32.6,63.7
2026-09-29,8:53:50,1036,32.6,63.5
2026-09-29,8:54:20,1033,32.6,63.2
2026-09-29,8:54:50,1028,32.6,63.1
2026-09-29,8:55:21,1022,32.6,63
2026-09-29,8:55:51,960,32.6,63.1
2026-09-29,8:56:21,981,32.6,63.5
2026-09-29,8:56:51,995,32.6,63.2
2026-09-29,8:57:21,882,32.5,62.8
2026-09-29,8:57:51,829,32.5,62.3
2026-09-29,8:58:21,951,32.5,62.3
2026-09-29,8:58:51,936,32.6,62.4
2026-09-29,8:59:21,940,32.6,62.6
2026-09-29,8:59:51,999,32.7,62.4
2026-09-29,9:00:21,1003,32.6,62.5
2026-09-29,9:00:51,1014,32.7,62.4
2026-09-29,9:01:21,914,32.7,61.6
2026-09-29,9:01:51,941,32.7,61.6
2026-09-29,9:02:21,971,32.6,62.3
2026-09-29,9:02:51,892,32.5,63.2
2026-09-29,9:03:21,1132,32.2,64
2026-09-29,9:03:51,1126,32.1,64.2
2026-09-29,9:04:21,1033,31.8,64.3
2026-09-29,9:04:51,1002,31.9,64
2026-09-29,9:05:21,898,32,62.2
2026-09-29,9:05:51,904,32,61.9
2026-09-29,9:06:22,1147,32,61.3
2026-09-29,9:06:52,1173,32,60
2026-09-29,9:07:22,1186,32,59.6
2026-09-29,9:07:52,1207,31.9,58.6
2026-09-29,9:08:22,1213,31.8,57.8
2026-09-29,9:08:52,1232,31.6,57.3
2026-09-29,9:09:22,1129,31.4,56.9
2026-09-29,9:09:52,1249,31.4,56.4
2026-09-29,9:10:22,1249,31.4,56
2026-09-29,9:10:52,1278,31.3,55.1
2026-09-29,9:11:22,1457,30.7,55.4
2026-09-29,9:11:52,1365,30.5,55.9
2026-09-29,9:12:22,1326,30.3,55.9
2026-09-29,9:12:52,1382,30,56.3
2026-09-29,9:13:22,1378,29.8,56.3
2026-09-29,9:13:52,1351,29.8,56.2
2026-09-29,9:14:22,1313,30,55.7
2026-09-29,9:14:52,1332,30.1,55.1
2026-09-29,9:15:22,1385,30,54.7
2026-09-29,9:15:52,1381,30,54.5
2026-09-29,9:16:22,1379,30.2,54.6
2026-09-29,9:16:52,1410,30.2,54
2026-09-29,9:17:22,1532,29.8,54
2026-09-29,9:17:52,1550,29.5,54.6
2026-09-29,9:18:22,1412,29.5,54.7
2026-09-29,9:18:52,1451,29.5,54.7
2026-09-29,9:19:23,1432,29.6,54.2
2026-09-29,13:08:01,1186,25.5,62.3
2026-09-29,13:08:31,1368,26.1,60.2
2026-09-29,13:09:01,1375,26.4,59.1
2026-09-29,13:09:31,1381,26.7,58.4
2026-09-29,13:10:01,1386,26.9,57.8
2026-09-29,13:10:31,1403,27.1,58.5
2026-09-29,13:11:02,1436,27.3,57.4
2026-09-29,13:11:32,1426,27.4,57
2026-09-29,13:12:02,1439,27.5,57
2026-09-29,13:12:32,1451,27.5,56.9
2026-09-29,13:13:02,1450,27.6,56.7
2026-09-29,13:13:32,1457,27.7,56.8
2026-09-29,13:14:02,1459,27.8,56.6
2026-09-29,13:14:32,1470,27.9,56.6
2026-09-29,13:15:02,1475,28,56.4
2026-09-29,13:15:32,1490,28,56.1
2026-09-29,13:16:02,1501,28.1,56.1
2026-09-29,13:16:32,1505,28.2,56
2026-09-29,13:17:02,1508,28.2,55.7
2026-09-29,13:17:32,1525,28.3,55.6
2026-09-29,13:18:02,1544,28.2,55.7
2026-09-29,13:18:32,1567,28.2,55.7
2026-09-29,13:19:02,1569,28.3,55.4
2026-09-29,13:20:32,1622,28.4,55.2
2026-09-29,13:21:03,1639,28.4,55.3
2026-09-29,13:21:33,1641,28.5,55
2026-09-29,13:22:03,1645,28.5,54.7
2026-09-29,13:22:33,1660,28.5,54.8
2026-09-29,13:23:03,1657,28.5,54.6
2026-09-29,13:23:33,1679,28.5,54.5
2026-09-29,13:24:03,1685,28.4,54.5
2026-09-29,13:24:33,1675,28.5,54.3
2026-09-29,13:25:03,1689,28.4,54.3
2026-09-29,13:25:33,1693,28.6,54.2
2026-09-29,13:26:03,1694,28.7,53.7
2026-09-29,13:26:33,1709,28.6,53.5
2026-09-29,13:27:03,1724,28.6,53.7
2026-09-29,13:27:33,1726,28.7,53.4
2026-09-29,13:28:03,1737,28.7,53.3
2026-09-29,13:28:33,1753,28.6,53.3
2026-09-29,13:29:03,1763,28.7,53.2
2026-09-29,13:29:33,1770,28.7,53.1
2026-09-29,13:30:04,1778,28.7,52.9
2026-09-29,13:30:34,1784,28.8,52.8
2026-09-29,13:31:04,1796,28.7,52.7
2026-09-29,13:31:34,1824,28.7,52.7
2026-09-29,13:32:04,1839,28.8,52.5
2026-09-29,13:32:34,1843,28.9,52.3
2026-09-29,13:33:04,1846,28.9,52
2026-09-29,13:33:34,1855,28.9,52
2026-09-29,13:34:04,1861,29,51.8
2026-09-29,13:34:34,1874,29.1,51.5
2026-09-29,13:35:04,1894,28.9,51.6
2026-09-29,13:35:34,1891,29,51.6
2026-09-29,13:36:04,1909,29,51.5
2026-09-29,13:36:34,1910,29,51.3
2026-09-29,13:37:04,1917,28.9,51.3
2026-09-29,13:37:34,1910,29,51.2
2026-09-29,13:38:04,1930,28.9,51.4
2026-09-29,13:38:34,1944,28.9,51.3
2026-09-29,13:39:04,1960,28.9,51.4
2026-09-29,13:39:34,1951,28.9,51.2
2026-09-29,13:40:04,1967,28.9,51.2
2026-09-29,13:40:34,1968,28.9,51.2
2026-09-29,13:41:04,1970,28.9,51.1
2026-09-29,13:41:34,1978,28.9,51.1
2026-09-29,13:42:04,1984,28.9,51.1
2026-09-29,13:42:35,1999,28.8,51.3
2026-09-29,13:43:05,2011,28.9,51.2
2026-09-29,13:43:35,2009,29,51
2026-09-29,13:44:05,2012,29.1,50.8
2026-09-29,13:44:35,2023,29.1,50.6
2026-09-29,13:45:05,2039,29,50.7
2026-09-29,13:45:35,2070,29,50.7
2026-09-29,13:46:05,2071,28.9,50.9
2026-09-29,13:46:35,2079,28.9,51
2026-09-29,13:47:05,2079,28.9,51
2026-09-29,13:47:35,2090,28.8,51.1
2026-09-29,13:48:05,2090,28.8,51.3
2026-09-29,13:48:35,2088,28.9,51.1
2026-09-29,13:49:05,2080,28.8,51.1
2026-09-29,13:49:35,2082,28.8,51.3
2026-09-29,13:50:05,2074,28.8,51.3
2026-09-29,13:50:35,2075,28.9,51.2
2026-09-29,13:51:05,2072,28.9,51
2026-09-29,13:51:35,2100,28.9,50.9
2026-09-29,13:52:05,2114,28.8,51.2
2026-09-29,13:52:35,2126,28.8,51.3
2026-09-29,13:53:06,2133,28.9,51.1
2026-09-29,13:53:36,2137,29,51.1
2026-09-29,13:54:06,2136,29,50.9
2026-09-29,13:54:36,2145,29.1,50.8
2026-09-29,13:55:06,2152,29.1,50.7
2026-09-29,13:55:36,2175,29.1,50.7
2026-09-29,13:56:06,2194,29.2,50.5
2026-09-29,13:56:36,2209,29.1,50.6
2026-09-29,13:57:06,2217,29.1,50.6
2026-09-29,13:57:36,2220,29,50.8
2026-09-29,13:58:06,2227,29,50.9
2026-09-29,13:58:36,2230,28.9,51
2026-09-29,13:59:06,2229,29,50.9
2026-09-29,13:59:36,2244,28.9,51.1
2026-09-29,14:00:06,2245,29,50.8
2026-09-29,14:00:36,2253,29.1,50.5
2026-09-29,14:01:06,2257,29.1,50.4
2026-09-29,14:01:36,2267,28.9,50.8
2026-09-29,14:02:06,2275,28.9,50.9
2026-09-29,14:02:36,2283,28.8,51.1
2026-09-29,14:03:07,2280,29,50.8
2026-09-29,14:03:37,2294,28.9,50.8
2026-09-29,14:04:07,2283,29,50.7
2026-09-29,14:04:37,2286,29,50.5
2026-09-29,14:05:07,2296,29,50.6
2026-09-29,14:05:37,2310,29,50.5
2026-09-29,14:06:07,2317,29,50.4
2026-09-29,14:06:37,2337,29,50.7
2026-09-29,14:07:07,2329,29.1,50.6
2026-09-29,14:07:37,2332,29.1,50.7
2026-09-29,14:08:07,2327,29.2,50.9
2026-09-29,14:08:37,2300,29.4,51.1
2026-09-29,14:09:07,2197,29.5,51.9
2026-09-29,14:09:37,2087,29.5,52.2
2026-09-29,14:10:07,2033,29.6,52.3
2026-09-29,14:10:37,2028,29.5,52.2
2026-09-29,14:11:07,2035,29.5,51.8
2026-09-29,14:11:37,2048,29.5,51.5
2026-09-29,14:12:08,2034,29.6,51.5
2026-09-29,14:12:38,2009,29.6,51.5
2026-09-29,14:13:08,1975,29.6,51.9
2026-09-30,8:15:31,771,30.7,73
2026-09-30,8:16:01,768,31,71.7
2026-09-30,8:16:31,774,31.3,71
2026-09-30,8:17:01,780,31.5,70.3
2026-09-30,8:17:31,780,31.6,69.9
2026-09-30,8:18:01,784,31.7,69.8
2026-09-30,8:18:31,787,31.8,69.5
2026-09-30,8:19:01,789,31.9,69.2
2026-09-30,8:19:31,790,31.9,69.1
2026-09-30,8:20:01,787,31.9,69
2026-09-30,8:20:31,784,31.9,69.2
2026-09-30,8:21:01,784,32,68.9
2026-09-30,8:21:31,781,32,69
2026-09-30,8:22:01,782,32.1,69.1
2026-09-30,8:22:32,783,32.1,68.7
2026-09-30,8:23:02,781,32.2,68.6
2026-09-30,8:23:32,778,32.2,68.2
2026-09-30,8:24:02,772,32.3,67.9
2026-09-30,8:24:32,768,32.3,67.8
2026-09-30,8:25:02,765,32.3,68
2026-09-30,8:25:32,764,32.3,68.3
2026-09-30,8:26:02,778,32.4,68.5
2026-09-30,8:26:32,824,32.4,68.8
2026-09-30,8:27:02,842,32.4,68.8
2026-09-30,8:27:32,860,32.4,69
2026-09-30,8:28:02,892,32.3,69.4
2026-09-30,8:28:32,933,32,69.5
2026-09-30,8:29:02,953,31.9,69.4
2026-09-30,8:29:32,941,31.8,68.4
2026-09-30,8:30:02,945,31.8,67.4
2026-09-30,8:30:32,967,31.7,66.6
2026-09-30,8:31:02,967,31.7,65.9
2026-09-30,8:31:32,967,31.7,64.6
2026-09-30,8:32:02,977,31.6,64.1
2026-09-30,8:32:32,983,31.6,63.2
2026-09-30,8:33:02,991,31.6,62.4
2026-09-30,8:33:32,1003,31.6,61.7
2026-09-30,8:34:03,1021,31.5,61.3
2026-09-30,8:34:33,1037,31.4,60.6
2026-09-30,8:35:03,1056,31.3,60
2026-09-30,8:35:33,1070,31.3,59.4
2026-09-30,8:36:03,1089,31.2,59.2
2026-09-30,8:36:33,1113,31.1,58.7
2026-09-30,8:37:03,1113,31.1,58.5
2026-09-30,8:37:33,1118,31.1,57.9
2026-09-30,8:38:03,1123,31.1,57.5
2026-09-30,8:38:33,1138,31,57.4
2026-09-30,8:39:03,1145,31,57
2026-09-30,8:39:33,1154,30.9,56.9
2026-09-30,8:40:03,1156,30.9,57
2026-09-30,8:40:33,1171,30.9,56.6
2026-09-30,8:41:03,1229,30.7,56.5
2026-09-30,8:41:33,1219,30.7,56.6
2026-09-30,8:42:03,1202,30.7,56.4
2026-09-30,8:42:33,1199,30.8,56.2
2026-09-30,8:43:03,1208,30.7,55.9
2026-09-30,8:43:33,1213,30.7,55.8
2026-09-30,8:44:04,1227,30.6,56
2026-09-30,8:44:34,1229,30.6,56.1
2026-09-30,8:45:04,1228,30.6,56.2
2026-09-30,8:45:34,1229,30.5,56
2026-09-30,8:46:04,1240,30.5,55.8
2026-09-30,8:46:34,1232,30.4,56
2026-09-30,8:47:04,1232,30.5,55.6
2026-09-30,8:47:34,1235,30.5,55.5
2026-09-30,8:48:04,1239,30.4,55.6
2026-09-30,8:48:34,1240,30.4,55.5
2026-09-30,8:49:04,1242,30.4,55.5
2026-09-30,8:49:34,1251,30.3,55.3
2026-09-30,8:50:04,1262,30.2,55.7
2026-09-30,8:50:34,1269,30.3,55.8
2026-09-30,8:51:04,1271,30.3,55.6
2026-09-30,8:51:34,1279,30.3,55.4
2026-09-30,8:52:04,1289,30.2,55.8
2026-09-30,8:52:34,1304,30.2,55.6
2026-09-30,8:53:04,1319,30.2,55.4
2026-09-30,8:53:34,1320,30.2,55.5
2026-09-30,8:54:04,1314,30.2,55.4
2026-09-30,8:54:34,1333,30.1,55.9
2026-09-30,8:55:04,1331,30.1,55.6
2026-09-30,8:55:35,1334,30.1,55.6
2026-09-30,8:56:05,1339,30.1,55.8
2026-09-30,8:56:35,1344,30.1,55.3
2026-09-30,8:57:05,1353,30.1,55.2
2026-09-30,8:57:35,1360,30.1,55
2026-09-30,8:58:05,1364,30.1,55.4
2026-09-30,8:58:35,1365,30.2,54.9
2026-09-30,8:59:05,1361,30.2,55.4
2026-09-30,8:59:35,1364,30.2,55.2
2026-09-30,9:00:05,1364,30.2,55.2
2026-09-30,9:00:35,1370,30.2,55.1
2026-09-30,9:01:05,1376,30.1,55.2
2026-09-30,9:01:35,1373,30.1,55.4
2026-09-30,9:02:05,1381,30.1,55.3
2026-09-30,9:02:35,1391,30.1,55
2026-09-30,9:03:06,1394,30.1,55.2
2026-09-30,9:03:36,1408,30,55.6
2026-09-30,9:04:06,1397,30,55.6
2026-09-30,9:04:36,1384,30.1,55.4
2026-09-30,9:05:06,1389,30.1,55.2
2026-09-30,9:05:36,1391,30,55.4
2026-09-30,9:06:06,1395,29.9,55.8
2026-09-30,9:06:36,1403,29.8,55.8
2026-09-30,9:07:06,1403,29.8,55.3
2026-09-30,9:07:36,1407,29.9,55.5
2026-09-30,9:08:06,1416,29.9,55.6
2026-09-30,9:08:36,1442,29.9,55.8
2026-09-30,9:09:06,1430,29.9,55.7
2026-09-30,9:09:36,1446,29.9,55.8
2026-09-30,9:10:06,1447,30,55.5
2026-09-30,9:10:36,1452,30,55.5
2026-09-30,9:11:06,1454,29.9,55.2
2026-09-30,9:11:36,1454,29.8,55.6
2026-09-30,9:12:06,1449,29.9,55.4
2026-09-30,9:12:37,1449,29.8,55.2
2026-09-30,9:13:07,1460,29.8,55.9
2026-09-30,9:13:37,1468,29.8,56
2026-09-30,9:14:07,1458,29.8,55.9
2026-09-30,9:14:37,1452,29.8,55.6
2026-09-30,9:15:07,1442,29.8,55.8
2026-09-30,9:15:37,1438,29.7,55.8
2026-09-30,9:16:07,1432,29.7,56
2026-09-30,9:16:37,1441,29.8,56
2026-09-30,9:17:07,1448,29.8,55.5
2026-09-30,9:17:37,1450,29.8,55.3
2026-09-30,9:18:07,1456,29.7,55.5
2026-09-30,9:18:37,1455,29.7,55.2
2026-09-30,9:19:07,1457,29.7,55.1
2026-09-30,9:19:37,1467,29.7,55.1
2026-09-30,9:20:07,1470,29.7,55.1
2026-09-30,9:20:37,1475,29.8,54.8
2026-09-30,9:21:07,1484,29.8,54.6
2026-09-30,13:09:53,967,26.5,63.7
2026-09-30,13:10:23,989,26.9,62.3
2026-09-30,13:10:53,990,27.2,61.1
2026-09-30,13:11:23,988,27.4,60.8
2026-09-30,13:11:53,984,27.6,60.4
2026-09-30,13:12:23,980,27.7,60.1
2026-09-30,13:12:53,979,27.8,59.5
2026-09-30,13:13:23,976,27.9,58.8
2026-09-30,13:13:53,973,28.1,58.3
2026-09-30,13:14:23,974,28.1,57.8
2026-09-30,13:14:53,975,28.2,57.6
2026-09-30,13:15:23,977,28.3,57.8
2026-09-30,13:15:53,1052,28.3,58.2
2026-10-01,10:16:49,1278,29.7,66.9
2026-10-01,10:17:19,1039,29.8,63.8
2026-10-01,10:17:49,995,29.9,62.7
2026-10-01,10:18:19,983,30.1,61.7
2026-10-01,10:18:49,974,30.2,60.4
2026-10-01,10:19:19,988,30.2,59.7
2026-10-01,10:19:49,992,30.2,59
2026-10-01,10:20:19,1012,30.2,58.3
2026-10-01,10:20:49,947,30.2,57.9
2026-10-01,10:21:19,1038,30.2,57.5
2026-10-01,10:21:49,1056,30.2,57.4
2026-10-01,10:22:19,1070,30.3,57.2
2026-10-01,10:22:49,884,30.2,57.3
2026-10-01,10:23:20,1080,30.2,57.4
2026-10-01,10:23:50,1079,30.2,57
2026-10-01,10:24:20,998,30.1,57.7
2026-10-01,10:24:50,1207,30.1,57.2
2026-10-01,10:25:20,1188,30.2,57.1
2026-10-01,10:25:50,1066,30.2,57
2026-10-01,10:26:20,1327,30.1,57.4
2026-10-01,10:26:50,1281,30.2,56.7
2026-10-01,10:27:20,1260,30.3,56.2
2026-10-01,10:27:50,1170,30.3,56
2026-10-01,10:28:20,1336,30.2,55.9
2026-10-01,10:28:50,956,30.3,55.6
2026-10-01,10:29:20,1342,30.3,55.5
2026-10-01,10:29:50,1374,30.4,54.9
2026-10-01,10:30:20,1398,30.4,54.8
2026-10-01,10:30:50,1314,30.5,54.4
2026-10-01,10:31:20,1273,30.4,54.3
2026-10-01,10:31:50,1389,30.4,54.2
2026-10-01,10:32:20,1484,30.4,54.1
2026-10-01,10:32:50,1521,30.3,54.3
2026-10-01,10:33:21,1453,30.3,54
2026-10-01,10:33:51,1501,30.4,53.6
2026-10-01,10:34:21,1527,30.4,53.3
2026-10-01,10:35:21,1591,30.6,52.8
2026-10-01,10:35:51,1571,30.5,52.4
2026-10-01,10:36:21,1602,30.5,52.5
2026-10-01,10:36:51,1659,30.5,52.4
2026-10-01,10:37:21,1666,30.4,52.5
2026-10-01,10:37:51,1665,30.3,52.6
2026-10-01,10:38:51,1579,30.3,52.7
2026-10-01,10:39:21,1692,30.3,52.4
2026-10-01,10:39:51,1716,30.2,52.5
2026-10-01,10:40:21,1731,30.1,52.7
2026-10-01,10:40:51,1604,30.2,52.3
2026-10-01,10:41:21,1763,30.2,51.9
2026-10-01,10:41:52,1779,30.3,51.8
2026-10-01,10:42:22,1794,30.2,51.6
2026-10-01,10:42:52,1795,30.1,52.1
2026-10-01,10:43:22,1730,30.1,52
2026-10-01,10:43:52,1757,30.2,51.5
2026-10-01,10:44:22,1790,30.3,51.3
2026-10-01,10:44:52,1824,30.2,51.6
2026-10-01,10:45:22,1838,30.2,51.2
2026-10-01,10:45:52,1843,30.2,51
2026-10-01,10:46:22,1857,30.2,51.5
2026-10-01,10:46:52,1881,30.2,51.4
2026-10-01,10:47:22,1871,30.2,51.1
2026-10-01,10:48:22,1927,30.2,50.8
2026-10-01,10:48:52,1853,30.1,50.8
2026-10-01,10:49:22,1961,30.1,50.8
2026-10-01,10:49:52,1972,30.1,50.5
2026-10-01,10:50:22,1935,30,50.9
2026-10-01,10:50:52,1969,30.1,50.8
2026-10-01,10:51:22,1993,30.1,50.7
2026-10-01,10:51:52,2018,30,50.7
2026-10-01,10:52:22,2028,30.1,50.8
2026-10-01,10:52:53,2056,30,51.2
2026-10-01,10:53:23,1958,30.1,51.1
2026-10-01,10:53:53,2069,30.1,50.8
2026-10-01,10:54:23,2083,30.1,50.9
2026-10-01,10:54:53,2089,30,50.9
2026-10-01,10:55:23,2093,30,50.8
2026-10-01,10:55:53,2026,30,50.9
2026-10-01,10:56:23,2107,30,50.8
2026-10-01,10:56:53,1979,30.1,50.8
2026-10-01,10:57:23,2033,30.1,50.7
2026-10-01,11:01:23,2180,30.1,50.2
2026-10-01,11:01:53,2174,30,50.7
2026-10-01,11:02:23,2067,30,50.8
2026-10-01,11:02:53,2426,30,50.7
2026-10-01,11:03:23,2422,30,51
2026-10-01,11:03:53,2425,30,50.7
2026-10-01,11:04:23,2425,30,50.3
2026-10-01,11:04:53,2423,29.9,50.4
2026-10-01,11:05:24,2394,29.9,50.2
2026-10-01,11:05:54,2361,30,49.9
2026-10-01,11:06:24,2354,30,49.7
2026-10-01,11:06:54,2346,30,49.5
2026-10-01,11:07:24,2348,30,49.5
2026-10-01,11:07:54,2370,30,49.4
2026-10-01,11:08:24,2380,30,49.4
2026-10-01,11:08:54,2381,30,49.2
2026-10-01,11:09:24,2383,30,49
2026-10-01,11:09:54,2406,30,49.1
2026-10-01,11:10:24,2408,30,49.1
2026-10-01,11:10:54,2401,30,49
2026-10-01,11:11:24,2411,30,49.1
2026-10-01,11:11:54,2407,29.9,49.3
2026-10-01,11:12:24,2350,29.9,49.3
2026-10-01,11:12:54,2243,29.8,49.4
2026-10-01,11:13:24,2410,29.9,49.1
2026-10-01,11:13:54,2409,29.9,49
2026-10-01,11:14:24,2298,29.9,49.3
2026-10-01,11:14:55,2209,29.9,49.2
2026-10-01,11:15:25,2485,29.8,49.4
2026-10-01,11:15:55,2429,29.9,49.6
2026-10-01,11:16:25,2329,29.8,50.1
2026-10-01,11:16:55,2090,29.8,50.1
2026-10-01,11:17:25,2418,29.8,50.5
2026-10-01,11:17:55,2421,29.8,50.4
2026-10-01,11:18:25,2399,29.8,50.1
2026-10-01,11:18:55,1829,29.7,50.4
2026-10-01,11:19:25,2273,29.7,50.8
2026-10-01,11:19:55,2346,29.6,51.1
2026-10-01,11:20:25,2430,29.7,50.9
2026-10-01,11:20:55,2436,29.8,50.5
2026-10-02,9:32:59,1750,29.5,65.3
2026-10-02,9:33:29,1109,29.7,63.6
2026-10-02,9:33:59,1054,29.8,62.1
2026-10-02,9:34:29,967,29.7,61.6
2026-10-02,9:34:59,1051,29.7,61
2026-10-02,9:35:29,1083,29.8,60.9
2026-10-02,9:35:59,1084,29.8,60.2
2026-10-02,9:36:29,1099,29.7,60
2026-10-02,9:36:59,1105,29.7,59.5
2026-10-02,9:37:29,1077,29.6,59.4
2026-10-02,9:37:59,1145,29.6,59.1
2026-10-02,9:38:29,1149,29.7,58.6
2026-10-02,9:38:59,1158,29.7,58
2026-10-02,9:39:29,1190,29.6,57.8
2026-10-02,9:39:59,1219,29.6,57.9
2026-10-02,9:40:29,1205,29.6,57.7
2026-10-02,9:40:59,1209,29.6,57.5
2026-10-02,9:41:29,1228,29.6,57.2
2026-10-02,9:42:00,1255,29.6,57
2026-10-02,9:42:30,1261,29.6,56.9
2026-10-02,9:43:00,1266,29.6,56.9
2026-10-02,9:43:30,1273,29.6,56.9
2026-10-02,9:44:00,1285,29.6,56.8
2026-10-02,9:44:30,1288,29.6,56.9
2026-10-02,9:45:00,1295,29.6,56.3
2026-10-02,9:45:30,1308,29.5,56.3
2026-10-02,9:46:00,1272,29.6,56.2
2026-10-02,9:46:30,1344,29.5,56.2
2026-10-02,9:47:00,1256,29.6,56.1
2026-10-02,9:47:30,1210,29.5,56.1
2026-10-02,9:48:00,1256,29.5,56.1
2026-10-02,9:48:30,1358,29.5,55.9
2026-10-02,9:49:00,1385,29.4,55.9
2026-10-02,9:49:30,1310,29.4,55.8
2026-10-02,9:50:00,1247,29.3,55.7
2026-10-02,9:50:30,1400,29.4,55.5
2026-10-02,9:51:00,1452,29.4,55.4
2026-10-02,9:51:30,1454,29.4,55.1
2026-10-02,9:52:01,1454,29.3,55.3
2026-10-02,9:52:31,1454,29.4,55.2
2026-10-02,9:53:01,1471,29.3,55.2
2026-10-02,9:53:31,1378,29.3,55.4
2026-10-02,9:54:01,1458,29.4,55.5
2026-10-02,9:54:31,1470,29.3,55.2
2026-10-02,9:55:01,1442,29.3,55
2026-10-02,9:55:31,1492,29.3,54.9
2026-10-02,9:56:01,1529,29.2,54.7
2026-10-02,9:56:31,1453,29.2,54.6
2026-10-02,9:57:01,1560,29.3,54.4